"文件名","标题","作者","期刊名","年份","卷号","期号","页码","DOI","关键词","摘要"
"A Star of David Catenane - Nat Chem - Vol6 - 2014 - Leigh Pritchard and Stephens.pdf","A Star of David catenane","David A. Leigh, Robin G. Pritchard, Alexander J. Stephens","Nature Chemistry","2014","6","11","978-982","10.1038/nchem.2056","coordination-driven self-assembly, catenane, circular helicate, Star of David, molecular topology, iron(II), tris(bipyridine), ring-closing metathesis","本文描述了一种[2]索烃（catenane）的合成，该索烃由两个三重缠绕的114元环组成，形成分子6_1^2连环（Star of David拓扑结构）。编织骨架是一个六聚体环状螺旋体，由六个三(联吡啶)配体与六个铁(II)阳离子组装而成，硫酸根反离子促进了螺旋体的尺寸。配体延伸部分的结构指导了后续通过烯烃闭环复分解反应进行的共价捕获。Star of David拓扑结构（两个环，六个交叉点）通过NMR光谱、质谱和X射线晶体学确认。用四钠乙二胺四乙酸盐提取铁(II)离子可获得完全有机的分子连环。交织环形框架的自组装及其通过多次定向共价键形成反应的后续闭合，为合成日益复杂的分子拓扑结构提供了强有力的策略。"
"Aggregation-Induced Emission Platinum(II) Metallacycles Detecting Nitroaromatics - Chem Eur J - Vol22 - 2016 - Chowdhury et al.pdf","Aggregation-Induced Emission of Platinum(II) Metallacycles and Their Ability to Detect Nitroaromatics","Aniket Chowdhury, Prodip Howlader, Partha Sarathi Mukherjee","Chemistry - A European Journal","2016","22","22","7468-7478","10.1002/chem.201600698","Aggregation-induced emission (AIE), Platinum(II) metallacycles, Coordination-driven self-assembly, Nitroaromatics detection, White-light emission, Macrocycles, Carbazole, Triphenylamine, Fluorescence sensing","Two new acceptors containing platinum-carbazole (1) and platinum-triphenylamine (2) backbones with bite angles of 90° and 120°, respectively, have been synthesised and characterised. Reactions of the rigid acceptor 1 with linear dipyridyl-based donors (3 and 4) generated [4+4] self-assembled molecular squares (5 and 6), and similar treatments with acceptor 2 instead of 1 yielded [6+6] self-assembled molecular hexagons (7 and 8). The metallacycles were characterised by multinuclear NMR spectroscopy (1H and 31P) and ESI-MS. When aggregates of the metallacycles were formed by adding hexane solutions in dichloromethane, aggregation-induced emission was observed for metallacycles 5 and 7, and aggregation-caused quenching was observed for metallacycles 6 and 8. Macrocycles 5 and 7 are white-light emitters in THF. Moreover, their high luminescence in both solution and the solid state was utilised for the recognition of nitroaromatic explosives."
"Alanine-Based Chiral Metallogels via Supramolecular Coordination Complex - J Am Chem Soc - Vol140 - 2018 - Sun et al.pdf","Alanine-Based Chiral Metallogels via Supramolecular Coordination Complex Platforms: Metallogelation Induced Chirality Transfer","Yue Sun, Shuai Li, Zhixuan Zhou, Manik Lal Saha, Sougata Datta, Mingming Zhang, Xuzhou Yan, Demei Tian, Heng Wang, Lei Wang, Xiaopeng Li, Minghua Liu, Haibing Li, Peter J. Stang","Journal of the American Chemical Society","2018","140","9","3257-3263","10.1021/jacs.7b10769","Chiral metallogels, Supramolecular coordination complex, Coordination-driven self-assembly, Chirality transfer, Alanine, Platinum(II) metallacycles, Nanofibers, Helicity, Gelation","Chiral self-assemblies constantly attract great interest because of their potential to provide insight into biological systems and materials science. Herein we report on the efficient preparation of alanine-based chiral metallacycles, rhomboids 1D and 1L and hexagons 2D and 2L using a Pt(II) <- pyridyl directional bonding approach. The metallacycles are subsequently assembled into nanospheres at low concentration, that generate chiral metallogels at high concentration driven by hydrogen bonding, hydrophobic and pi-pi interactions. The gels consist of microscopic chiral nanofibers with well-defined helicity, as confirmed by circular dichroism (CD) and scanning (SEM) and transmission electron (TEM) microscopies. Given these results, we expect this technique will not only unlock interesting new approaches to understand homochirality in nature but also allow the design of versatile soft materials containing chiral supramolecular cores."
"Allosteric Initiation and Regulation of Catalysis with a Molecular Knot - Science - Vol352 - 2016 - Marcos and Leigh.pdf","Allosteric Initiation and Regulation of Catalysis with a Molecular Knot","Vanesa Marcos, Alexander J. Stephens, Javier Jaramillo-Garcia, Annabel L. Nussbaumer, Steffen L. Woltering, Alberto Valero, Jean-Francois Lemonnier, Inigo J. Vitorica-Yrezabal, David A. Leigh","Science","2016","352","6293","1555-1559","10.1126/science.aaf3673","molecular knot, pentafoil knot, allosteric catalysis, coordination-driven self-assembly, bipyridine, iron(II), zinc(II), ring-closing metathesis, anion binding","本文报道了一种合成的分子五叶结（pentafoil knot），通过控制碳-卤键的结断裂来变构启动或调控催化化学反应。研究者首先通过五组分自组装制备了铁(II)五聚体环状螺旋体，随后通过烯烃闭环复分解反应获得了共价闭合的五叶结。脱除铁(II)离子后获得无金属的打结配体，该配体可与锌(II)离子重新配位形成锌(II)-五叶结。这种分子拓扑结构产生的变构效应为催化提供了新的控制机制，展示了分子打结在功能化学中的潜在应用。"
"An Antiaromatic-Walled Nanospace - Nature - Vol574 - 2019 - Yamashina and Nitschke.pdf","An antiaromatic-walled nanospace","Masahiro Yamashina, Yuya Tanaka, Roy Lavendomme, Tanya K. Ronson, Michael Pittelkow, Jonathan R. Nitschke","Nature","2019","574","7779","511-515","10.1038/s41586-019-1661-x","antiaromaticity, coordination cage, nanospace, norcorrole, self-assembly, NMR shift reagent, host-guest chemistry, iron(II), deshielding effect","在过去几十年中，已报道了多种分子笼、主体和纳米多孔材料，其中包括配位驱动的纳米笼。然而，被反芳香性壁包围的纳米空间尚未被开发，原因在于反芳香族化合物的不稳定性。本文展示了在一个由四个金属离子和六个相同的反芳香性壁组成的自组装笼内构建反芳香性壁纳米空间。计算表明，围绕该纳米空间的反芳香性基团的磁效应相互增强。这一预测通过结合客体分子的1H NMR信号得到证实，其化学位移值高达24 ppm，这是迄今为止在反芳香性环境中观测到的最大1H NMR化学位移偏移。该笼可被视为一种新型NMR位移试剂。"
"An M24L48 Polyhedron with Sharp Structural Switch - Science - Vol328 - 2010 - Sun et al.pdf","Self-assembly of tetravalent Goldberg polyhedra from 144 small components","Daishi Fujita, Yoshihiro Ueda, Sota Sato, Nobuhiro Mizuno, Takashi Kumasaka, Makoto Fujita","Nature","2016","540","7634","563-566","10.1038/nature20771","Goldberg polyhedra, Tetravalent, Self-assembly, Palladium(II), M30L60, M48L96, Graph theory, Coordination cage, Supramolecular chemistry, Virus capsid mimicry","本文报道了一种球形结构的自组装，该结构含有30个钯离子和60个弯曲有机配体，但属于此前从未在实验中观察到的形状家族。新结构由8个三角形和24个正方形组成，具有四价Goldberg多面体的对称性。柏拉图和阿基米德多面体以及三价Goldberg多面体（如病毒衣壳和富勒烯）此前已通过自组装制备，但四价Goldberg多面体在分子水平上尚无先例，尽管其拓扑结构已通过图论预测。作者利用图论预测了更大的四价Goldberg多面体的自组装，并成功从144个组分（48个钯离子和96个弯曲配体）组装出该多面体家族的另一个成员（M48L96）。"
"Assembling Pentatopic Terpyridine Ligands into Giant Supramolecular - J Am Chem Soc - Vol141 - 2019 - Wang et al.pdf","Assembling Pentatopic Terpyridine Ligands with Three Types of Coordination Moieties into a Giant Supramolecular Hexagonal Prism: Synthesis, Self-Assembly, Characterization, and Antimicrobial Study","Heng Wang, Chung-Hao Liu, Kun Wang, Minghui Wang, Hao Yu, Sneha Kandapal, Robert Brzozowski, Bingqian Xu, Ming Wang, Shuai Lu, Xin-Qi Hao, Prahathees Eswara, Mu-Ping Nieh, Jianfeng Cai, Xiaopeng Li","Journal of the American Chemical Society","2019","141","40","16108-16116","10.1021/jacs.9b08484","terpyridine, coordination-driven self-assembly, hexagonal prism, supramolecular chemistry, antimicrobial, Kandinsky Circles, pentatopic ligand, 3D supramolecules, TWIM-MS, hierarchical self-assembly","Three dimensional (3D) supramolecules with giant cavities are attractive due to their wide range of applications. Herein, we used pentatopic terpyridine ligands with three types of coordination moieties to assemble two giant supramolecular hexagonal prisms with a molecular weight up to 42,608 and 43,569 Da, respectively. Within the prisms, two double-rimmed Kandinsky Circles serve as the base surfaces as well as the templates for assisting the self-sorting during the self-assembly. Additionally, hierarchical self-assembly of these supramolecular prisms into tubular-like nanostructures was fully studied by scanning tunneling microscopy (STM) and small-angle X-ray scattering (SAXS). Finally, these supramolecular prisms show good antimicrobial activities against Gram-positive pathogen methicillin-resistant Staphylococcus aureus (MRSA) and Bacillus subtilis (B. subtilis)."
"Braiding a Molecular Knot with Eight Crossings - Science - Vol355 - 2017 - Danon and Leigh.pdf","Braiding a molecular knot with eight crossings","Jonathan J. Danon, Anneke Kruger, David A. Leigh, Jean-Francois Lemonnier, Alexander J. Stephens, Inigo J. Vitorica-Yrezabal, Steffen L. Woltering","Science","2017","355","6321","159-162","10.1126/science.aal1619","molecular knot, 8_19 knot, braiding, triple helicate, coordination-driven self-assembly, iron(II), bipyridine, topological chirality, circular dichroism","分子结可能最终在纳米尺度上表现出与宏观尺度上同样的多功能性和实用性。然而，目前缺乏除最简单分子结以外的合成路线，阻碍了对分子水平上打结影响的系统研究。本文发现可以将四个构建单元组装成三条编织的配体链。八面体铁(II)离子控制三条链在每个交叉点的相对位置，形成环状三重螺旋体，而配体上的结构约束决定了编织连接方式。该方法实现了分子8_19结的两步组装，在约20纳米长的192原子闭环中具有八个非交替交叉点。拆分的无金属8_19结对映异构体在其圆二色谱中表现出仅由拓扑手性产生的显著特征。"
"Chemical Mimicry of Viral Capsid Self-Assembly via Corannulene Pentatopic Tectons - Nat Commun - Vol10 - 2019 - Chen et al.pdf","Chemical Mimicry of Viral Capsid Self-Assembly via Corannulene-Based Pentatopic Tectons","Yu-Sheng Chen, Ephrath Solel, Yi-Fan Huang, Chien-Lung Wang, Tsung-Han Tu, Ehud Keinan, Yi-Tsu Chan","Nature Communications","2019","10","1","3443","10.1038/s41467-019-11457-6","corannulene, pentatopic tecton, viral capsid, icosahedral self-assembly, terpyridine, cadmium, chiral self-sorting, supramolecular capsid, buckybowl, coordination-driven self-assembly","Self-assembly of twelve pentatopic tectons, which have complementary edges or can be linked using either digonal or trigonal connectors, represents the optimal synthetic strategy to achieve spherical objects, such as chemical capsids. This process requires conditions that secure uninterrupted equilibria of binding and self-correction en route to the global energy minimum. Here we report the synthesis of a highly soluble, deca-heterosubstituted corannulene that bears five terpyridine ligands. Spontaneous self-assembly of twelve such tectons with 30 cadmium(II) cations produces a giant icosahedral capsid as a thermodynamically stable single product in high yield. Nuclear magnetic resonance (NMR) methods, mass spectrometry analyses, small-angle X-ray scattering, transmission electron microscopy, and atomic force microscopy indicate that this spherical capsid has an external diameter of nearly 6 nm and shell thickness of 1 nm, in agreement with molecular modeling. NMR and liquid chromatography evidences imply that chiral self-sorting complexation generates a racemic mixture of homochiral capsids."
"Chemistry A European J - 2024 - Luo - Construction of Luminescent Terpyridine‐Based Metallo‐Bowties with Alkyl.pdf","Construction of Luminescent Terpyridine-Based Metallo-Bowties with Alkyl Chain-Bridged Dimerized Building Blocks","Siqi Luo, Lingang Zhao, Zhikai Li, Zhi Chen, Heng Wang, Fang Fang, Hang Li, Xiaopeng Li, Xiujun Yu","Chemistry – A European Journal","2025","31","7","e202403783","10.1002/chem.202403783","terpyridine, metallo-supramolecules, coordination-driven self-assembly, luminescence, aggregation-induced emission (AIE), bowtie-shaped architecture, alkyl chain bridging, tetraphenylethylene (TPE)","Numerous metallo-supramolecules with well-defined sizes and shapes have been successfully constructed via the strong coordination interaction between terpyridine (TPY) moieties and ruthenium cations. However, the pseudo-octahedral geometry of <TPY-Ru-TPY> unit hampers the luminescent properties of such metallo-architectures, thus limiting their applications as optical materials. To address this issue, we herein use a flexible alkyl chain to bridge TPY building blocks, replacing conventional <TPY-Ru-TPY> linkage. The introduction of alkyl chain guides the self-assembly into desired architecture while simultaneously eliminating the quenching effects typically associated with the <TPY-Ru-TPY> linkage. More importantly, this design strategy enables the precise construction of bowtie-shaped metallo-supramolecules with significantly enhanced emission. The incorporation of alkyl chain linkage not only maintains structural integrity but also enhances optical performance, making these metallo-supramolecular assemblies highly promising for applications in advanced photonic and luminescent materials. This study offers a versatile approach to construct complex metallo-supramolecular architectures with desired optical properties."
"Clathrate Type Inclusion Behaviour of a Coordination Macrocycle - J Am Chem Soc - Vol112 - 1990 - Fujita et al.pdf","Preparation of a Macrocyclic Polynuclear Complex, [(en)Pd(4,4'-bpy)]₄(NO₃)₈, Which Recognizes an Organic Molecule in Aqueous Media","Makoto Fujita, Jun Yazaki, Katsuyuki Ogura","Journal of the American Chemical Society","1990","112","14","5645-5647","10.1021/ja00170a042","Macrocyclic complex, Palladium(II), 4,4'-Bipyridine, Molecular recognition, Aqueous media, Self-assembly, Coordination macrocycle, Clathrate inclusion, Ethylenediamine","A novel macrocyclic polynuclear Pd(II) complex, [(en)Pd(4,4'-bpy)]₄(NO₃)₈ (1), was prepared by simply mixing (en)Pd(NO₃)₂ with 4,4'-bipyridine in aqueous solution. The square-planar Pd atoms are bridged by 4,4'-bpy ligands to form a macrocyclic tetramer with an inner cavity (7.8 x 7.8 x 6.5 A) surrounded by pi electrons of eight pyridine nuclei. The complex recognizes organic molecules such as 1,3,5-trimethoxybenzene in aqueous media through hydrophobic clathrate-type inclusion, with an association constant (Ka) of 7.5 x 10² L/mol at 25 degrees C. This represents one of the earliest examples of coordination-driven self-assembly of discrete macrocyclic structures."
"Combining Synthesis and Self-Assembly in One Pot 2D Metallo-Supramolecules - J Am Chem Soc - Vol141 - 2019 - Wang et al (b).pdf","Combining Synthesis and Self-Assembly in One Pot To Construct Complex 2D Metallo-Supramolecules Using Terpyridine and Pyrylium Salts","Heng Wang, Yiming Li, Hao Yu, Bo Song, Shuai Lu, Xin-Qi Hao, Yuan Zhang, Ming Wang, Saw-Wai Hla, Xiaopeng Li","Journal of the American Chemical Society","2019","141","33","13187-13195","10.1021/jacs.9b05682","one-pot synthesis, self-assembly, terpyridine, pyrylium salt, Kandinsky Circles, spiderweb, metallo-supramolecules, multicomponent assembly, coordination-driven self-assembly, 2D supramolecular architecture","Multicomponent self-assembly in one pot provides an efficient way for constructing complex architectures using multiple types of building blocks with different levels of interactions orthogonally. The preparation of multiple types of building blocks typically includes tedious synthesis. Here, we developed a multicomponent synthesis/self-assembly strategy, which combined covalent interaction (C-N bond, formed through condensation of pyrylium salt with primary amine) and metal-ligand interaction (N to Zn bond, formed through 2,2':6',2''-terpyridine-Zn coordination) in one pot. The high compatibility of this pair of interactions smoothly and efficiently converted three and four types of components into the desired complex structures, which are supramolecular Kandinsky Circles and spiderwebs, respectively."
"Conformer-Dependent Self-Assembled Metallacycles with Photo-Reversible Response - Chem Sci - Vol10 - 2019 - Li et al.pdf","Conformer-Dependent Self-Assembled Metallacycles with Photo-Reversible Response","Mengqi Li, Li-Jun Chen, Zhipeng Zhang, Qianfu Luo, Hai-Bo Yang, He Tian, Wei-Hong Zhu","Chemical Science","2019","10","19","4896-4904","10.1039/C9SC00757A","Diarylethene (DAE), Photochromism, Conformer-dependent self-assembly, Metallacycles, Photo-reversible response, Coordination-driven self-assembly, Platinum(II), Anti-parallel conformer, Parallel conformer, Fatigue resistance","Discrete, well-defined metallacycles and metallacages with stimuli-responsive behaviors have been largely predominated by the organic donor/metal acceptor paradigm with spontaneous formation of coordination bonds. However, light-driven self-assembly systems usually show relatively low utilization yield of photons and low fatigue resistance. Given that almost no example illustrates the different self-assembly behaviors of antiparallel and parallel conformers in the traditional photochromic diarylethene (DAE) system, here we have for the first time constructed a unique series of photoactive conformer-dependent metallacycles, focusing on the characterization and comparison of self-assembly behavior in different ligand conformers with different di-platinum(II) acceptors. Their photoswitchable scaffold sizes and shapes are precisely controlled by photochromically separable parallel or anti-parallel conformers via coordination-driven self-assembly. The ap-conformer and closed form provide larger bending angles upon coordination with di-Pt(II) acceptors into hexagon [6+6] or [3+3] while the p-conformer only can form smaller polygon cycles. Notably, in contrast with the non-photoactive parallel conformer, the reversible interconversion of anti-parallel ring-open and ring-closed conformer metallacycles can be achieved by alternate irradiation with UV and visible light, respectively, along with a relatively high conversion ratio and good fatigue resistance."
"Constructing High-Generation Sierpinski Triangles by Molecular Puzzling - Angew Chem Int Ed - Vol56 - 2017 - Jiang et al.pdf","Constructing High-Generation Sierpinski Triangles by Molecular Puzzling","Zhilong Jiang, Yiming Li, Ming Wang, Die Liu, Jie Yuan, Mingzhao Chen, Jun Wang, George R. Newkome, Wei Sun, Xiaopeng Li, Pingshan Wang","Angewandte Chemie International Edition","2017","56","38","11450-11455","10.1002/anie.201705480","modular strategies, self-assembly, Sierpinski triangles, supramolecular chemistry, terpyridines","Three generations of metalated trigonal supramolecular architectures, so-called metallo-triangles, were assembled from terpyridine (tpy) complexes. The first generation (G1) metallo-triangles were directly obtained by reacting a bis(terpyridinyl) ligand with a 60-degree bite angle and Zn(II) ions. The direct self-assembly of G2 and G3 triangles by mixing organic ligands and Zn(II), however, only generated a mixture of G1 and G2, as well as a trace amount of insoluble polymer-like precipitate. Therefore, a modular strategy based on the connectivity of <tpy-Ru(II)-tpy> was employed to construct two metallo-organic ligands for the assembly of G2 and G3 Sierpinski triangles. The metallo-organic ligands LA and LB with multiple free terpyridines were obtained through Suzuki cross-coupling of the Ru(II) complexes, and then assembled with Zn(II) or Cd(II) to obtain high-generation metallo-triangular architectures in nearly quantitative yield. The G1-G3 architectures were characterized by NOESY and DOSY NMR spectroscopy, ESI-MS, TWIM-MS, and transmission electron microscopy."
"Coordination-Driven Self-Assembly with Terpyridine Metal Ions - Dalton Trans - 2009 - Chan et al.pdf","Ni(II), Co(II), Cu(II), Zn(II) and Na(I) Complexes of a Hybrid Ligand 4'-(4'''-Benzo-15-crown-5)-methyloxy-2,2':6',2''-terpyridine","Nadezhda M. Logacheva, Vladimir E. Baulin, Aslan Yu. Tsivadze, Elena N. Pyatova, Irina S. Ivanova, Yurii A. Velikodny, Vladimir V. Chernyshev","Dalton Transactions","2009","-","14","2482-2489","10.1039/b819805e","hybrid ligand, terpyridine, benzo-15-crown-5, metal complexes, crystal structure, powder diffraction, pi-pi interactions, coordination chemistry","Eleven complexes of a hybrid ligand 4'-(4'''-benzo-15-crown-5)-methyloxy-2,2':6',2''-terpyridine (L) were synthesized and characterised by elemental analysis, IR-spectroscopy and X-ray analysis. The crystal structures of seven complexes were determined either from single-crystal data ([NaNCS*L] and [CuL2*NaNCS*Na(NCS)2]+*NCS-*CH3CN) or from powder diffraction data ([CoL2]2+*2NCS- and [ML2]2+*2PF6-*nEtOH*mH2O, M = Ni(II), Co(II), Cu(II), Zn(II)) and revealed good coordinating properties of the ligand L and structural diversity of the obtained compounds. In compounds 1-5, the pi-pi interactions between pyridine rings or between pyridine and benzene rings play an important role in association of the cations."
"Crown-Ether-Derived Organoplatinum Rectangles Poly2pseudorotaxanes - J Am Chem Soc - Vol130 - 2008 - Ghosh et al.pdf","Coordination-Driven Self-Assembly of Cavity-Cored Multiple Crown Ether Derivatives and Poly[2]pseudorotaxanes","Koushik Ghosh, Hai-Bo Yang, Brian H. Northrop, Matthew M. Lyndon, Yao-Rong Zheng, David C. Muddiman, Peter J. Stang","Journal of the American Chemical Society","2008","130","15","5320-5334","10.1021/ja711502t","Crown ether, Coordination-driven self-assembly, Poly[2]pseudorotaxanes, Platinum(II), Metallacyclic polygons, Dibenzo[24]crown-8 (DB24C8), Dibenzylammonium, Host-guest chemistry, Orthogonal self-assembly, Rhomboid, Hexagon","The synthesis of a new 120 degree diplatinum(II) acceptor unit and the self-assembly of a series of two-dimensional metallacyclic polypseudorotaxanes that utilize both metal-ligand and crown ether-dialkylammonium noncovalent interactions are described. Judiciously combining complementary diplatinum(II) acceptors with bispyridyl donor building blocks, with an acceptor and/or donor possessing a pendant dibenzo[24]crown-8 (DB24C8) moiety, allows for the formation of three new rhomboidal bis-DB24C8, one new hexagonal tris-DB24C8, and four new hexakis-DB24C8 metallacyclic polygons in quantitative yields. The size and shape of each assembly, as well as the location and stoichiometry of the DB24C8 macrocycle, can be precisely controlled. Each polygon is able to complex two, three, or six dibenzylammonium ions without disrupting the underlying metallacyclic polygons, thus producing eight different poly[2]pseudorotaxanes and demonstrating the utility and scope of this orthogonal self-assembly technique."
"Direct Self-Assembly of a 2D and 3D Star of David - Angew Chem - Vol129 - 2017 - Song et al.pdf","Direct Self-Assembly of a 2D and 3D Star of David","Bo Song, Zhe Zhang, Kun Wang, Chih-Hao Hsu, Olapeju Bolarinwa, Jing Wang, Yiming Li, Guang-Qiang Yin, Edwin Rivera, Hai-Bo Yang, Changlin Liu, Bingqian Xu, Xiaopeng Li","Angewandte Chemie International Edition","2017","56 (Int. Ed.) / 129 (German Ed.)","19","5258-5262 (Int. Ed.) / 5342-5346 (German Ed.)","10.1002/anie.201701417","ion-mobility mass spectrometry, metallosupramolecules, multitopic ligands, self-assembly, supramolecular chemistry","Two- and three-dimensional metallosupramolecules shaped like a Star of David were synthesized by the self-assembly of a tetratopic pyridyl ligand with a 180° diplatinum(II) motif and PdII ions, respectively. In contrast to other strategies, such as template-directed synthesis and stepwise self-assembly, this design enables the formation of 2D and 3D structures in one step and high yield. The structures were characterized by both one-dimensional (1H, 13C, 31P) and two-dimensional (COSY, NOESY, DOSY) NMR spectroscopy, ESI-MS, ion-mobility mass spectrometry (IM-MS), AFM, and TEM. The stabilities of the 2D and 3D structures were measured and compared by gradient tandem mass spectrometry (gMS2). The high stability of the 3D Star of David was correlated to its high density of coordination sites (DOCS)."
"Dynamic Equilibria of Ethynylplatinum(II) Complexes Rhomboid-Hexagon - J Am Chem Soc - Vol125 - 2003 - Yamamoto and Stang.pdf","Dynamic Equilibrium of a Supramolecular Dimeric Rhomboid and Trimeric Hexagon and Determination of Its Thermodynamic Constants","Takuya Yamamoto, Atta M. Arif, Peter J. Stang","Journal of the American Chemical Society","2003","125","40","12309-12317","10.1021/ja0302984","supramolecular chemistry, self-assembly, dynamic equilibrium, platinum coordination, rhomboid, hexagon, thermodynamic constants, directional bonding","A supramolecular dimeric rhomboid and its trimeric counterpart, a hexagon, are generated by design via the directional bonding methodology of self-assembly. The different-sized supramolecular macrocycles formed by Pt-coordination undergo a concentration- and temperature-dependent dynamic equilibrium. The two structures are characterized by multinuclear NMR and ESI-MS. Extensive study of the dynamic equilibrium of the two species in solution is performed to obtain its thermodynamic properties. By varying the ionic strength of the solutions, the true thermodynamic equilibrium constant K is determined at each experimental temperature. By applying these values to the van't Hoff equation, the standard enthalpy and entropy changes are determined: ΔH° = -18 ± 1 kJ/mol and ΔS° = -43 ± 4 J/(mol·K) for the forward reaction (rhomboid to hexagon). The rhomboid is selectively crystallized, and its crystal structure is determined by X-ray diffraction."
"Facile Self-Assembly of Ring-in-Ring and Spiderweb Structures - Angew Chem Int Ed - Vol54 - 2015 - Fu et al.pdf","Facile Self-Assembly of Metallo-Supramolecular Ring-in-Ring and Spiderweb Structures Using Multivalent Terpyridine Ligands","Jun-Hao Fu, Yin-Hsuan Lee, Yun-Jui He, Yi-Tsu Chan","Angewandte Chemie International Edition","2015","54","21","6231-6235","10.1002/anie.201501507","cadmium, multivalency, self-sorting, supramolecular chemistry, terpyridines","A series of metallo-supramolecular ring-in-ring structures was generated by assembling CdII ions and the multivalent terpyridine ligands (L1-3) composed of one 60°-bent and two 120°-bent bis(terpyridine)s with varying alkyl linker lengths. The mechanistic study for the self-assembly process excluded an entropically templated pathway and showed that the intramolecularly complexed species is the key intermediate leading to ring-in-ring formation. The next-generation superstructure, a spiderweb, was produced in quantitative yield using the elongated decakis(terpyridine) ligand (L5)."
"Facile Synthesis of Multicomponent Heterobimetallic Metallomacrocycles - Chem Commun - Vol55 - 2019 - Tai et al.pdf","Facile Synthesis of Multicomponent Heterobimetallic Metallomacrocycles through Selective Metal-Ligand Coordination","Chang-You Tai, Jun-Hao Fu, Yin-Hsuan Lee, Yun-Jui He, Shi-Cheng Wang, Yi-Tsu Chan","Chemical Communications","2019","55","44","6289-6292","10.1039/c9cc02430a","heterobimetallic metallomacrocycles, selective metal-ligand coordination, multicomponent self-assembly, terpyridine, pyridine","Three heterobimetallic metallomacrocycles were readily assembled through either a stepwise or a one-pot protocol by selective complexation of ZnII ions and PdII or PtII acceptors with the predesigned ligands possessing one 60°-bent bisterpyridine and two mono- or bis-pyridines. In the multicomponent self-assembly, the preorganized ZnII-terpyridine metallo-triangle led to the formation of the exterior macrocycles."
"From Ring-in-Ring to Sphere-in-Sphere Self-Assembly 2D and 3D - J Am Chem Soc - Vol137 - 2015 - Wang et al.pdf","From Ring-in-Ring to Sphere-in-Sphere: Self-Assembly of Discrete 2D and 3D Architectures with Increasing Stability","Bin Sun, Ming Wang, Zhichao Lou, Mingjun Huang, Chenglong Xu, Xiaohong Li, Li-Jun Chen, Yihua Yu, Grant L. Davis, Bingqian Xu, Hai-Bo Yang, Xiaopeng Li","Journal of the American Chemical Society","2015","137","4","1556-1564","10.1021/ja511443p","coordination-driven self-assembly, ring-in-ring, sphere-in-sphere, density of coordination sites (DOCS), metallosupramolecules, multitopic ligands, supramolecular metallogels","Directed by increasing the density of coordination sites (DOCS) to increase the stability of assemblies, discrete 2D ring-in-rings and 3D sphere-in-sphere were designed and self-assembled by one tetratopic pyridyl-based ligand with 180° diplatinum(II) acceptors and naked Pd(II), respectively. The high DOCS resulted by multitopic ligand provided more geometric constraints to form discrete structures with high stability. Compared to reported supramolecular hexagons and polyhedra by ditopic ligands, the self-assembly of such giant architectures using multitopic ligands with all rigid backbone emphasized the structural integrity with precise preorganization of entire architecture, and required elaborate synthetic operations for ligand preparation. In-depth structural characterization was conducted to support desired structures, including multinuclear NMR (1H, 31P, and 13C) analysis, 2D NMR spectroscopy (COSY and NOESY), diffusion-ordered NMR spectroscopy (DOSY), multidimensional mass spectrometry, TEM and AFM. Furthermore, a quantitative definition of DOCS was proposed to compare 2D and 3D structures and correlate the DOCS and stability of assemblies in a quantitative manner. Finally, ring-in-rings in DMSO or DMF could undergo hierarchical self-assembly into the ordered nanostructures and generated translucent supramolecular metallogels."
"Giant Hollow 2D Metalloarchitecture Hexagonal Supramolecular Nut - J Am Chem Soc - Vol138 - 2016 - Song et al.pdf","Giant, Hollow 2D Metalloarchitecture: Stepwise Self-Assembly of a Hexagonal Supramolecular Nut","Yiming Li, Zhilong Jiang, Ming Wang, Jie Yuan, Die Liu, Xiaoyu Yang, Mingzhao Chen, Jun Yan, Xiaopeng Li, Pingshan Wang","Journal of the American Chemical Society","2016","138","31","10041-10046","10.1021/jacs.6b06021","stepwise self-assembly, terpyridine, metalloarchitecture, hexagonal supramolecular nut, Star of David, metallo-organic ligand","A polyterpyridinyl building block-based nutlike hexagonal bismetallo architecture with a central hollow Star of David was assembled by a stepwise strategy. This nanoarchitecture can be viewed as a recursive mathematical form that possesses a supramolecular corner-connected cyclic structure, i.e., a triangle or rhombus at various levels of scale or detail. The key metallo-organic ligand (MOL) with four uncomplexed free terpyridines was obtained by a final Suzuki cross-coupling reaction with a tetrabromoterpyridine Ru dimer. The molecular metallorhombus was prepared by reacting the MOL with a 60° bis-terpyridine and Fe2+. The giant hollow hexagonal nut with a diameter of more than 11 nm and a molecular weight of ca. 33 kDa was obtained in near-quantitative yield by mixing the two types of multi-terpyridine ligands with Fe2+. The supramolecular architecture was characterized by NMR (1H and 13C), 2D NMR (COSY and ROESY), and DOSY spectroscopies, high-resolution electrospray ionization mass spectrometry, traveling-wave ion mobility mass spectrometry, and transmission electron microscopy."
"Heterobimetallic and Heteroleptic Supramolecular Equilateral Triangle - Chem Commun - 2008 - Schmittel and Mahata.pdf","Clean formation and dynamic exchange reactions of a supramolecular equilateral triangle that is both heterometallic and heteroleptic","Michael Schmittel, Kingsuk Mahata","Chemical Communications","2008","-","22","2550-2552","10.1039/B801462K","supramolecular triangle, heterobimetallic, heteroleptic, HETPHEN concept, self-assembly, copper(I), silver(I), phenanthroline, dynamic exchange","本文阐述了一种既是异双金属又是异配体的等边三角形超分子结构的自组装，及其金属交换为均金属三角形以及进一步的配体交换反应。该策略依赖于两个概念的结合：(a) HETPHEN概念，导致异配体聚集体的形成；(b) PHENLOCK概念，提供动力学稳定的铜(I)配合物作为角单元。异金属三角形T1（含Cu和Ag）可通过金属交换转化为均金属三角形T2（含Cu），进一步通过配体交换证实了组装体的动态本质。ESI-MS、1H NMR和UV-Vis光谱证实了三角形的专一形成。"
"Hexagon Wreaths Self-Assembly of Fractal Architectures Multitopic Terpyridine - J Am Chem Soc - Vol136 - 2014 - Jiang et al.pdf","Hexagon Wreaths: Self-Assembly of Discrete Supramolecular Fractal Architectures Using Multitopic Terpyridine Ligands","Ming Wang, Chao Wang, Xin-Qi Hao, Jingjing Liu, Xiaohong Li, Chenglong Xu, Alberto Lopez, Luyi Sun, Mao-Ping Song, Hai-Bo Yang, Xiaopeng Li","Journal of the American Chemical Society","2014","136","18","6664–6671","10.1021/ja501417g","terpyridine, self-assembly, fractal architecture, hexagon wreath, coordination-driven self-assembly, multitopic ligands, metallo-macrocycles, TWIM-MS","In this study, we overcame a challenge in conventional self-assembly of macrocycles that uses ditopic 2,2':6',2''-terpyridine (tpy) building blocks with a 120 degree angle between two ligating moieties, which generally produces a mixture of multiple macrocycles instead of a single hexagon. Two supramolecular hexagon wreaths, [Zn9LA6] and [Zn12LB6], were designed and self-assembled from tritopic and tetratopic tpy ligands with Zn(II) ions, respectively. These multitopic ligands, bearing multiple binding sites, increased the total density of coordination sites and provided high geometric constraints to induce the formation of discrete structures. Such hexagon wreaths, which were constructed by simple recursion of small hexagons around a central hexagon, exhibit fractal geometry features with self-similarity at different levels. The shapes, sizes, and structures were fully characterized by NMR, ESI-MS, traveling-wave ion mobility mass spectrometry (TWIM-MS), and transmission electron microscopy. With diameters around 5.5 nm for [Zn9LA6] and 5.8 nm for [Zn12LB6], the remarkable rigidity of these fractal architectures was supported by TWIM-MS, in contrast to the high flexibility of macrocycles assembled by ditopic tpy ligands."
"Hierarchical Self-Assembly of Organoplatinum(II) Metallacycle-TMV Complexes - J Am Chem Soc - Vol138 - 2016 - Tian et al.pdf","Hierarchical Self-Assembly of Responsive Organoplatinum(II) Metallacycle–TMV Complexes with Turn-On Fluorescence","Ye Tian, Xuzhou Yan, Manik Lal Saha, Zhongwei Niu, Peter J. Stang","Journal of the American Chemical Society","2016","138","37","12033-12036","10.1021/jacs.6b07402","hierarchical self-assembly, tobacco mosaic virus, organoplatinum metallacycle, turn-on fluorescence, aggregation-induced emission, biohybrid materials, electrostatic interactions, tetraphenylethylene","The rod-like tobacco mosaic virus (TMV), having a negatively charged surface, can be assembled into three-dimensional micrometer-sized bundle-like superstructures via multiple electrostatic interactions with a positively charged molecular glue, namely, a tetraphenylethylene (TPE)-based discrete organoplatinum(II) metallacycle (TPE-Pt-MC). Due to the nanoconfinement effect in the resultant TMV/TPE-Pt-MC complexes and the aggregation-induced emission (AIE) activity of the TPE units, these hierarchical architectures result in a dramatic fluorescence enhancement that not only provides evidence for the formation of novel metal-organic biohybrid materials but also represents an alternative to turn-on fluorescence. The dissociation of these final constructs and subsequent release of individual virus have been achieved by disrupting the TPE-Pt-MC core using tetrabutylammonium bromide (TBAB)."
"Hierarchical Self-Assembly of Organoplatinum(II) Metallacycle-TMV Complexes - J Am Chem Soc - Vol138 - 2016 - Tian et al.pdf","Hierarchical self-assembly of triangular metallodendrimers into the ordered nanostructures","Bo Jiang, Li-Jun Chen, Ying Zhang, Hong-Wei Tan, Lin Xu, Hai-Bo Yang","Chinese Chemical Letters","2016","27","4","607-612","10.1016/j.cclet.2016.03.017","metallodendrimers, triangular metallacycles, coordination-driven self-assembly, hierarchical self-assembly, nanostructures, pi-pi stacking, poly(benzyl ether) dendrons","Two discrete peripherally dimethyl isophthalate (DMIP) functionalized poly(benzyl ether) metallodendrimers featuring a well-defined triangular cavity at their cores were successfully synthesized via coordination-driven self-assembly. The dendron generation played an important role in hierarchical self-assembly behaviors of the obtained triangular metallodendrimers. The first-generation metallodendrimer was able to hierarchically self-assemble into spherical nanostructures in various mixed solvents. However, nanofibers were observed for the second-generation metallodendrimer under similar conditions. The 1H NMR and fluorescence spectroscopy studies revealed that the formation of ordered nanostructures was mainly driven by intermolecular pi-pi stacking interaction imposed by the poly(benzyl ether) dendrons."
"Highly Stable Spherical Metallo-Capsule from Hexapodal Terpyridine - J Am Chem Soc - Vol140 - 2018 - Chen et al.pdf","Highly Stable Spherical Metallo-Capsule from a Branched Hexapodal Terpyridine and Its Self-Assembled Berry-type Nanostructure","Mingzhao Chen, Jun Wang, Die Liu, Zhilong Jiang, Qianqian Liu, Tun Wu, Haisheng Liu, Weidong Yu, Jun Yan, Pingshan Wang","Journal of the American Chemical Society","2018","140","7","2555–2561","10.1021/jacs.7b10707","terpyridine, metallo-capsule, nanosphere, hexapodal ligand, self-assembly, Berry-type nanostructure, host-guest chemistry, coordination-driven self-assembly","Discrete spherical metallo-organic capsules at the nanometer scale, especially those constructed from unique building blocks, have received significant attention recently because of their fascinating molecular aesthetics and potential applications due to their compact cavities. Here, the synthesis and characterization of a hexapodal, branched terpyridine ligand are presented along with the nearly quantitative self-assembly of the resulting tetrameric metallo-nanosphere. This metallo-nanosphere exhibited four quasi-triangular and six rhombus-like facets, all of which were made by the same hook-like bis-terpyridine. Collision-induced dissociation experiments were done to investigate overall stability. The metallo-architecture and host-guest chemistry were investigated with coronene and fully characterized by 1D and 2D NMR, ESI-MS, and transmission electron microscopy. Furthermore, this metallo-nanosphere was observed to hierarchically self-assemble into berry-type structures in an acetonitrile/methanol mixture, by virtue of counterion-mediated attractions. The functional molecular metallo-nanosphere presented here expands the reach of terpyridine coordination systems into molecular containers and other model systems."
"Intra- and Intermolecular Self-Assembly of 20nm Supramolecular Hexagonal Grid - Nat Chem - Vol12 - 2020 - Zhang et al.pdf","Intra- and Intermolecular Self-Assembly of a 20-nm-wide Supramolecular Hexagonal Grid","Zhe Zhang, Yiming Li, Bo Song, Yao Zhang, Xin Jiang, Ming Wang, Ryan Tumbleson, Chong Liu, Pingshan Wang, Xin-Qi Hao, Tomas Rojas, Anh T. Ngo, Jonathan L. Sessler, George R. Newkome, Saw Wai Hla, Xiaopeng Li","Nature Chemistry","2020","12","5","468–474","10.1038/s41557-020-0454-z","supramolecular chemistry, self-assembly, hexagonal grid, coordination-driven, terpyridine, scanning tunneling microscopy, metallo-supramolecules, intramolecular folding, intermolecular assembly","The spontaneous self-assembly of multiple distinct building blocks is ubiquitous in nature and underlies the biosynthesis of numerous functional proteins and protein complexes. Inspired by the precision of nature, supramolecular chemists have exploited the highly directional and predictable features of metal coordination to construct an impressive variety of metallo-supramolecular structures. However, bottom-up approaches have mainly given rise to either discrete assemblies smaller than 10 nm or infinite coordination-based polymers. Meso-sized (10-100 nm) discrete architectures with specific sizes and shapes are rare. Here we describe discrete two-dimensional ensembles in the 20-nm-size domain produced by coordination-driven self-assembly, combining intra- and intermolecular self-assembly to prepare a 20-nm-wide metallo-supramolecular hexagonal grid with its eight isomers based on different substructure orientations. The initial intramolecular self-assembly process, reminiscent of the folding process of peptides or proteins, occurs on complexation with Fe2+ metal ions, followed by subsequent intermolecular self-assembly governed by coordination with additional Fe2+ ions. The hexagonal grid was characterized by ESI-MS, TWIM-MS, NMR spectroscopy, and scanning tunneling microscopy at submolecular resolution."
"Introducing Seven Transition Metal Ions into Terpyridine Supramolecules - J Am Chem Soc - Vol142 - 2020 - Wang et al.pdf","Introducing Seven Transition Metal Ions into Terpyridine-Based Supramolecules: Self-Assembly and Dynamic Ligand Exchange Study","Lei Wang, Bo Song, Sandra Khalife, Yiming Li, Li-June Ming, Shi Bai, Yaping Xu, Hao Yu, Ming Wang, Heng Wang, Xiaopeng Li","Journal of the American Chemical Society","2020","142","4","1811–1821","10.1021/jacs.9b09497","terpyridine, transition metal ions, self-assembly, coordination-driven, dynamic ligand exchange, supramolecular fractals, mass spectrometry, metal-dependent stability","In coordination-driven self-assembly, 2,2':6',2''-terpyridine (tpy) has gained extensive attention in constructing supramolecular architectures on the basis of tpy-M-tpy connectivity. In direct self-assembly of large discrete structures, however, the metal ions were mainly limited to Cd(II), Zn(II), and Fe(II) ions. Herein, we significantly broaden the spectrum of metal ions with seven divalent transition metal ions M(II) (M = Mn, Fe, Co, Ni, Cu, Zn, Cd) to assemble a series of supramolecular fractals. In particular, Mn(II), Co(II), Ni(II), and Cu(II) were reported for the first time to form such large and discrete structures with tpy-M-tpy connectivity. In addition, the structural stabilities of those supramolecules in the gas phase and the kinetics of the ligand exchange process in solution were investigated using mass spectrometry. Such a fundamental study gave the relative order of structural stability in the gas phase and revealed the inertness of coordination in solution depending on the metal ions. Those results would guide the future study in tpy-based supramolecular chemistry in terms of self-assembly, characterization, property, and application."
"Isostructural Coordination Capsules for 10 Different d5-d10 Transition-Metal Ions - Angew Chem Int Ed - Vol45 - 2006 - Hiraoka et al.pdf","Isostructural Coordination Capsules for a Series of 10 Different d5–d10 Transition-Metal Ions","Shuichi Hiraoka, Koji Harano, Motoo Shiro, Yoshiki Ozawa, Nobuhiro Yasuda, Koshiro Toriumi, Mitsuhiko Shionoya","Angewandte Chemie International Edition","2006","45","39","6488-6491","10.1002/anie.200601431","coordination capsules, self-assembly, transition-metal ions, tris-monodentate ligand, hexaphenylbenzene, octahedron-shaped, isostructural, molecular capsules","A novel disk-shaped tris-monodentate ligand comprising a central hexaphenylbenzene core forms 10 structurally equivalent coordination capsules [M6(1)8]12+ with a series of divalent d5-d10 transition-metal ions (M = Mn, Fe, Co, Ni, Pd, Pt, Cu, Zn, Cd, and Hg) through self-assembly protocols. X-ray structural analysis of a single crystal of [Hg6(1)8(CF3SO3)12] revealed a 3-nm-sized octahedron-shaped capsule structure with sides of 1.8 nm in length. The inner volume was estimated to be approximately 2700 A3. The inner space of the capsule was successfully decorated with other anionic ligands as a result of site-selective replacement of the CF3SO3- ligands coordinated from inside the capsule."
"Kinetically Stabilized Metalla-Supramolecular Rectangles - J Am Chem Soc - Vol123 - 2001 - Kuehl and Stang.pdf","Self-Assembly with Postmodification: Kinetically Stabilized Metalla-Supramolecular Rectangles","Christopher J. Kuehl, Songping D. Huang, Peter J. Stang","Journal of the American Chemical Society","2001","123","39","9634-9641","10.1021/ja0114355","self-assembly, molecular rectangles, molecular clip, platinum coordination, postmodification, counterion exchange, kinetic stability, metallacyclophanes","Interaction of a predesigned molecular clip with rigid dipyridyl bridging ligands, in acetone/water mixtures, leads to the formation of molecular rectangles in 92-97% isolated yields via spontaneous self-assembly. Characterization was accomplished with multinuclear NMR and UV-vis spectroscopy, FAB mass spectrometry, and X-ray crystallography. The length of these metallamacrocycles ranges from 2 to 3 nm. Postmodification via non-nucleophilic counterion exchange results in enhanced structural integrity for the assemblies."
"Light-Controlled Interconversion between a Self-Assembled Triangle and Rhombicuboctahedron - Angew Chem Int Ed - Vol55 - 2016 - Han et al.pdf","Light-Controlled Interconversion between a Self-Assembled Triangle and a Rhombicuboctahedral Sphere","Muxin Han, Yuansu Luo, Bernd Damaschke, Laura Gomez, Xavi Ribas, Anex Jose, Patrick Peretzki, Michael Seibt, Guido H. Clever","Angewandte Chemie International Edition","2016","55","1","445-449","10.1002/anie.201508307","self-assembly, coordination cage, dithienylethene, photoswitch, light-responsive, Pd3L6, Pd24L48, rhombicuboctahedron, structural interconversion, supramolecular chemistry","Stimuli-responsive structural reorganizations play an important role in biological processes, often in combination with kinetic control scenarios. Here, the light-driven structural rearrangement of a small, self-assembled Pd3L6 ring based on photochromic dithienylethene (DTE) ligands into a rhombicuboctahedral Pd24L48 sphere measuring about 6.4 nm across is reported. When the wavelength is changed, this interconversion can be fully reversed, as confirmed by NMR and UV/Vis spectroscopy as well as mass spectrometry. The sphere was visualized by AFM, TEM, and GISAXS measurements. Due to dissimilarities in the photoswitch conformations, the interconversion rates between the two assemblies are drastically different in the two directions."
"Macromolecular Rapid Communications - 2022 - Yu - Terpyridine‐Based 3D Discrete Metallosupramolecular Architectures.pdf","Terpyridine-Based 3D Discrete Metallosupramolecular Architectures","Xiujun Yu, Chenxing Guo, Shuai Lu, Zhi Chen, Heng Wang, Xiaopeng Li","Macromolecular Rapid Communications","2022","43","14","2200004","10.1002/marc.202200004","terpyridine, 3D metallosupramolecular architectures, coordination-driven self-assembly, polyhedra, Platonic solids, Archimedean solids, Johnson solids","Terpyridine (tpy)-based 3D discrete metallosupramolecular architectures, which are often inspired by polyhedral geometry and the biological structures found in nature, have drawn significant attention from the community of metallosupramolecular chemistry. Because of the linear tpy–M(II)–tpy connectivity, the creation of sophisticated 3D metallosupramolecules based on tpy remains a formidable synthetic challenge. Nevertheless, with recent advancement in ligand design and self-assembly, diverse 3D metallosupramolecular polyhedrons, such as Platonic solids, Archimedean solids, prisms as well as Johnson solids, have been constructed and their potential applications have been explored. This review summarizes the progress on tpy-based discrete 3D metallosupramolecules, aiming to shed more light on the design and construction of novel discrete architectures with molecular-level precision through coordination-driven self-assembly."
"Manipulation of Discrete Nanostructures via Noncovalent Forces - Science - Vol344 - 2014 - Fukino et al.pdf","Manipulation of Discrete Nanostructures by Selective Modulation of Noncovalent Forces","Takahiro Fukino, Hyunho Joo, Yuki Hisada, Maiko Obana, Hiroshi Yamagishi, Takaaki Hikima, Masaki Takata, Norifumi Fujita, Takuzo Aida","Science","2014","344","6183","499-504","10.1126/science.1252120","ferrocene, nanotubes, nanorings, self-assembly, noncovalent forces, metal-organic, AgBF4, redox, pyridyl ligand, structural manipulation","Covalent organic synthesis commonly uses the strategy of selective bond cleavage and formation. If a similar approach can be applied stepwisely to noncovalent synthesis, more exotic or challenging nanostructures might become achievable. Here, ferrocene-based tetratopic pyridyl ligands, which can dynamically change their geometry by means of thermal rotation of their cyclopentadienyl rings in solution, assemble with AgBF4 into discrete metal-organic nanotubes with large and uniform diameters. The nanotubes can be cut into metal-organic nanorings through selective attenuation of the inter-nanoring interaction via ferrocene oxidation. The resultant nanorings can be transferred onto inorganic substrates electrostatically or allowed to reassemble to form the original nanotube by the reductive neutralization of their oxidized ferrocene units."
"Metallamacrocycles via Dinuclear Acceptor and Sensing - Inorg Chem - Vol50 - 2011 - Shanmugaraju et al.pdf","Self-Assembly of Metallamacrocycles Using a Dinuclear Organometallic Acceptor: Synthesis, Characterization, and Sensing Study","Sankarasekaran Shanmugaraju, Sachin A. Joshi, Partha Sarathi Mukherjee","Inorganic Chemistry","2011","50","22","11736-11745","10.1021/ic201745y","metallamacrocycle, self-assembly, dinuclear acceptor, Pt(II), coordination-driven, molecular rectangle, fluorescence sensing, picric acid, nitroaromatic, ethynyl functionality","A new Pt2(II) organometallic 180 degree acceptor 4,4'-bis[trans-Pt(PEt3)2(O3SCF3)(ethynyl)]biphenyl and its [2+2] self-assembly with three different ditopic clip-type donors to afford rectangular metallamacrocycles are reported. The anthracene-functionalized extended pi-conjugated macrocycle was tested as a fluorescent sensor for electron-deficient nitroaromatics such as picric acid (PA), showing marked quenching of initial fluorescence intensity upon gradual addition of picric acid with a detection limit at the parts per billion level in solution."
"Metallo-Supramolecular Self-Assembly of Multicomponent Ditrigon Complementary Terpyridine - J Am Chem Soc - Vol138 - 2016 - Wang et al.pdf","Metallo-Supramolecular Self-Assembly of a Multicomponent Ditrigon Based on Complementary Terpyridine Ligand Pairing","Shih-Yu Wang, Jun-Hao Fu, Yen-Peng Liang, Yun-Jui He, Yu-Sheng Chen, Yi-Tsu Chan","Journal of the American Chemical Society","2016","138","11","3651–3654","10.1021/jacs.6b01005","terpyridine, complementary ligand pairing, heteroleptic complex, self-assembly, ditrigon, multicomponent, self-selective ligation, coordination-driven self-assembly","Predesigned complementary complexation of two 2,2':6',2''-terpyridine-based ligands was established by installing 2,6-dimethoxyphenyl substituents at the terpyridyl 6,6''-positions, which provided ancillary ion-dipole interactions in the coordination process and extra pi-stacking stabilization in the resultant heteroleptic complex. The high-fidelity self-recognition ligation afforded facile access to the quantitative self-assembly of multicomponent triangle [Cd6L3(3)L4(3)] and ditrigon [Cd15L3(6)L5(3)] (that is, a hexagon with six 120 degree angles and two alternating edge lengths). It was found that the linear 6,6''-substituted ditopic motif (L3) would be directed by the ligand geometry of L5 to selectively incorporate into the parallel homoleptic connections in the bilayered framework."
"Molecular Architecture via Coordination Nanoscale Pt Hexagons - J Am Chem Soc - Vol119 - 1997 - Stang et al.pdf","Molecular Architecture via Coordination: Self-Assembly of Nanoscale Platinum Containing Molecular Hexagons","Peter J. Stang, Neal E. Persky, Joseph Manna","Journal of the American Chemical Society","1997","119","20","4777-4778","10.1021/ja970537l","molecular hexagon, self-assembly, coordination, platinum, supramolecular chemistry, molecular architecture, nanoscale, bipyridine, Pt(II), macrocycle","The first examples of hitherto unknown molecular hexagons formed via self-assembly using coordination as the motif are reported. A rational design strategy using shape-defining and directing corner units with approximately 120 degree bond angles and appropriate linkers results in the formation of cationic molecular hexagons. Both hexagons are remarkably stable, soluble solids with molecular weights of approximately 12433 Da. Force field calculations indicate the molecule resembles an ellipsoid or doughnut with a circular cavity with an external diameter of approximately 5 nm and an internal diameter of approximately 3 nm."
"Multicomponent Reassembly of Terpyridine-Based Materials Metallomacrocyclic Rearrangement - Chem Commun - Vol51 - 2015 - Sarkar et al.pdf","Multicomponent Reassembly of Terpyridine-Based Materials: Quantitative Metallomacrocyclic Rearrangement","Rajarshi Sarkar, Zaihong Guo, Jingyi Li, Tarak N. Burai, Charles Moorefield, Chrys Wesdemiotis, George R. Newkome","Chemical Communications","2015","51","70","12851-12854","10.1039/C5CC05048K","三联吡啶 (Terpyridine), 金属大环 (Metallomacrocycle), 多组分重组装 (Multicomponent reassembly), 超分子三角形 (Supramolecular triangle), 异核配合物 (Heteronuclear complex), 配位驱动自组装 (Coordination-driven self-assembly)","将金属环状三聚体和四聚体以精确的1:1.5化学计量比混合，定量产生新的超分子三角形。通过1H、2D-COSY、2D-NOESY和13C NMR光谱学以及ESI和TWIM质谱对新的异核金属大环进行了表征。梯度串联质谱（gMS2）为双核结构的稳定性提供了深入了解。"
"Multicomponent Self-Assembly of Macrocycles and Cages Dynamic Heteroleptic - Chem Eur J - Vol24 - 2018 - Wang et al.pdf","Multicomponent Self-Assembly of Metallo-Supramolecular Macrocycles and Cages through Dynamic Heteroleptic Terpyridine Complexation","Shih-Yu Wang, Jyun-Yang Huang, Yen-Peng Liang, Yun-Jui He, Yu-Sheng Chen, Yi-Yang Zhan, Shuichi Hiraoka, Yi-Hung Liu, Shie-Ming Peng, Yi-Tsu Chan","Chemistry - A European Journal","2018","24","37","9274-9284","10.1002/chem.201801753","异配体配合 (Heteroleptic complexation), 多组分自组装 (Multicomponent self-assembly), 金属超分子大环 (Metallo-supramolecular macrocycles), 金属笼 (Metallocages), 三联吡啶 (Terpyridine), 自分选 (Self-sorting), Cd(II)配合物","通过6,6''-二(2,6-二甲氧基苯基)取代的三联吡啶配体与未取代三联吡啶配体的组合，在室温条件下实现了异配体镉(II)双(三联吡啶)配合物的自发形成。基于这种动态异配体配合，从预设的多组分体系中以定量产率组装了多种金属超分子大环和笼。互补配体配对增强了自识别能力，促进了四组分动态库的形状依赖性自分选，形成两个明确定义的平行四边形。此外，同配体和异配体配合物之间微妙的动力学差异导致了Sierpinski三角形中位点选择性的CdII-ZnII跨金属化。还利用两种自识别的三价构建块实现了十二核四面体金属笼的简便构建。"
"Nanoassembly of a Fractal Polymer Molecular Sierpinski Hexagonal Gasket - Science - Vol312 - 2006 - Newkome et al.pdf","Nanoassembly of a Fractal Polymer: A Molecular ""Sierpinski Hexagonal Gasket""","George R. Newkome, Pingshan Wang, Charles N. Moorefield, Tae Joon Cho, Prabhu P. Mohapatra, Sinan Li, Seok-Ho Hwang, Olena Lukoyanova, Luis Echegoyen, Judith A. Palagallo, Vince Ber, Eduardo F. Durber","Science","2006","312","5781","1782-1785","10.1126/science.1125894","分形聚合物 (Fractal polymer), Sierpinski六角垫片 (Sierpinski hexagonal gasket), 纳米组装 (Nanoassembly), 三联吡啶 (Terpyridine), 自组装 (Self-assembly), 非树枝状分形 (Nondendritic fractal), 大卫之星 (Star of David)","利用分子自组装创建了合成的、纳米尺度的Sierpinski六角垫片。这种非树枝状的、完美自相似的分形大分子由双三联吡啶构建块组成，通过与36个Ru和6个Fe离子的配位结合在一起，形成了围绕空心中心的逐渐增大的六角形近平面阵列。"
"Neutral Cationic and Anionic PdII Organic Macrocyclic Complexes Nitroaromatic Sensing - Dalton Trans - Vol40 - 2011 - Bar et al.pdf","Self-assembly of neutral and cationic Pd(II) organometallic molecular rectangles: synthesis, characterization and nitroaromatic sensing","Arun Kumar Bar, Sankarasekaran Shanmugaraju, Ki-Whan Chi, Partha Sarathi Mukherjee","Dalton Transactions","2011","40","10","2257-2267","10.1039/C0DT01048K","molecular rectangle, self-assembly, Pd(II), coordination-driven, neutral complex, cationic complex, nitroaromatic sensing, fluorescence quenching, Pd-ethynyl, picric acid","Design and synthesis of three novel [2+2] self-assembled molecular rectangles via coordination driven self-assembly of predesigned Pd(II) ligands is reported. 1,8-Diethynylanthracene was assembled with trans-Pd(PEt3)2Cl2 in the presence of CuCl catalyst to yield a neutral rectangle via Pd-C bond formation, representing the first example of a neutral molecular rectangle obtained via C-Pd coordination driven self-assembly. A new Pd2(II) organometallic building block with 180 degree bite-angle containing ethynyl functionality was synthesized. Incorporation of Pd-ethynyl bonds helped to make the assemblies pi-electron rich and fluorescent in nature. Complexes showed quenching of fluorescence intensity in solution in presence of nitroaromatics."
"One-Pot Self-Assembly of Stellated Metallosupramolecules - J Am Chem Soc - Vol141 - 2019 - Fu et al.pdf","One-Pot Self-Assembly of Stellated Metallosupramolecules from Multivalent and Complementary Terpyridine-Based Ligands","Jun-Hao Fu, Shih-Yu Wang, Yu-Sheng Chen, Soumyakanta Prusty, Yi-Tsu Chan","Journal of the American Chemical Society","2019","141","41","16217-16221","10.1021/jacs.9b08731","星形金属超分子 (Stellated metallosupramolecules), 一锅法自组装 (One-pot self-assembly), 互补配体配对 (Complementary ligand pairing), 多价配体 (Multivalent ligands), 三联吡啶 (Terpyridine), 异配体配合 (Heteroleptic complexation), 整合性自分选 (Integrative self-sorting)","通过三组分整合性自分选组装了一系列星形金属超分子结构。基于互补配体配对，最初尝试从X形四(三联吡啶)配体和V形双(三联吡啶)配体与CdII离子的组合合成六角星配合物，结果产生了前所未有的八核和十二核星形金属笼混合物，并通过柱色谱进一步分离。为克服这一意外障碍，将多价配体设计与自发异配体配合相结合，实现了复杂拓扑结构的一锅法合成。中心定位的三角形作为支撑物，定量形成了六角星形配合物。值得注意的是，在没有三角形支撑物的情况下，产生了四角星形配合物。"
"One-Step Multicomponent Self-Assembly of First-Generation Sierpinski Triangle - Angew Chem Int Ed - Vol53 - 2014 - Sarkar et al.pdf","One-Step Multicomponent Self-Assembly of a First-Generation Sierpinski Triangle: From Fractal Design to Chemical Reality","Rajarshi Sarkar, Kai Guo, Charles N. Moorefield, Mary Jane Saunders, Chrys Wesdemiotis, George R. Newkome","Angewandte Chemie International Edition","2014","53","45","12182-12185","10.1002/anie.201407285","terpyridine, self-assembly, Sierpinski triangle, fractal, cadmium, multicomponent assembly, metallosupramolecular chemistry","A novel terpyridine-based architecture that mimics a first-generation Sierpinski triangle has been synthesized by multicomponent assembly and features tpy-Cd(II)-tpy connectivity (tpy = terpyridine). The key terpyridine ligands were synthesized by the Suzuki cross-coupling reaction. Mixing two different terpyridine-based ligands and Cd(II) in a precise stoichiometric ratio (1:1:3) produced the desired fractal architecture in near-quantitative yield. Characterization was accomplished by NMR spectroscopy, mass spectrometry, and transmission electron microscopy."
"One Ligand in Dual Roles Self-Assembly of Bis-Rhomboidal 3D Molecular Wheel - Chem Eur J - Vol20 - 2014 - Lu et al.pdf","One Ligand in Dual Roles: Self-Assembly of a Bis-Rhomboidal-Shaped, Three-Dimensional Molecular Wheel","Xiaocun Lu, Xiaopeng Li, Kai Guo, Jing Wang, Mingjun Huang, Jin-Liang Wang, Ting-Zheng Xie, Charles N. Moorefield, Stephen Z. D. Cheng, Chrys Wesdemiotis, George R. Newkome","Chemistry - A European Journal","2014","20","41","13094-13098","10.1002/chem.201404358","分子轮 (Molecular wheel), 双菱形结构 (Bis-rhomboidal structure), 三维超分子 (3D supramolecule), 三联吡啶 (Terpyridine), 配位驱动自组装 (Coordination-driven self-assembly), 双重角色配体 (Dual-role ligand), Zn(II)配合物","报道了一种简便的高产率自组装过程，生成了基于三联吡啶的三维双菱形分子轮。所需的配位驱动超分子轮涉及八个具有相邻tpy单元之间60°角的结构扭曲的三(三联吡啶)配体和十二个Zn2+离子。tpy配体在自组装过程中扮演双重角色：两个以180°交错排列构成内部轮毂，而六个产生外部轮缘。通过将tpy配体和Zn2+以2:3的化学计量比混合即可生成该分子轮；ESI-MS、NMR光谱学和TEM成像提供了完整的表征。"
"Organoplatinum Building Blocks for Self-Assembly Molecular Squares Rectangles Triangles - J Am Chem Soc - Vol116 - 1994 - Stang and Cao.pdf","Transition Metal Based Cationic Molecular Boxes. Self-Assembly of Macrocyclic Platinum(II) and Palladium(II) Tetranuclear Complexes","Peter J. Stang, Danh H. Cao","Journal of the American Chemical Society","1994","116","11","4981-4982","10.1021/ja00090a051","self-assembly, molecular boxes, macrocyclic complexes, platinum(II), palladium(II), tetranuclear complexes, coordination-driven self-assembly, 4,4'-bipyridine, host-guest chemistry, supramolecular chemistry","本文报道了通过自组装方法制备和表征基于铂(II)和钯(II)的阳离子型四核大环配合物（分子盒子）。将dppp螯合的金属(II)三氟甲磺酸盐与等摩尔量的4,4'-联吡啶在CH2Cl2中室温反应，在几分钟内以优异的产率自组装形成分子方框7（Pt）和8（Pd）。这些阳离子大环四核三氟甲磺酸盐配合物通过元素分析、光谱（31P、19F、1H和13C NMR）和化学方法表征。有趣的是，吡嗪不能形成类似的四核大环物种，仅给出单体产物，这归因于电子和空间因素。初步数据表明，1,3,5-三甲氧基苯与分子盒子之间存在非共价主客体相互作用。"
"Pentameric Circular Iron(II) Double Helicates and Molecular Pentafoil Knot - Nat Chem - Vol4 - 2011 - Ayme and Leigh.pdf","A synthetic molecular pentafoil knot","Jean-Francois Ayme, Jonathon E. Beves, David A. Leigh, Roy T. McBurney, Kari Rissanen, David Schultz","Nature Chemistry","2012","4","1","15-20","10.1038/nchem.1193","pentafoil knot, molecular knot, circular helicate, self-assembly, iron(II), imine bond, chloride template, bipyridine, topological chirality","分子结在DNA和某些蛋白质中是重要的结构特征，并被认为在天然和合成聚合物的物理性质中起重要作用。本文报道了迄今为止最复杂的非DNA分子结的合成：五个双醛和五个双胺构建单元围绕五个金属阳离子和一个氯离子阴离子自组装，形成160原子环的分子五叶结（五个交叉点）。该结的结构和拓扑通过NMR光谱、质谱和X射线晶体学确定，揭示了一个对称的闭环双螺旋体，氯离子通过十个CH...Cl-氢键固定在五叶结中心。一锅自组装反应具有特殊数量的不同设计元素。"
"Probing Hidden World Molecular Self-Assembly Concentration-Dependent 3D - J Am Chem Soc - Vol136 - 2014 - Lu et al.pdf","Probing a Hidden World of Molecular Self-Assembly: Concentration-Dependent, Three-Dimensional Supramolecular Interconversions","Xiaocun Lu, Xiaopeng Li, Kai Guo, Ting-Zheng Xie, Charles N. Moorefield, Chrys Wesdemiotis, George R. Newkome","Journal of the American Chemical Society","2014","136","52","18149-18155","10.1021/ja511341z","terpyridine, self-assembly, concentration-dependent, supramolecular interconversion, bis-rhombus, tetrahedron, cadmium, 3D architecture","A terpyridine-based, concentration-dependent, facile self-assembly process is reported, resulting in two three-dimensional metallosupramolecular architectures, a bis-rhombus and a tetrahedron, which are formed using a two-dimensional, planar, tris-terpyridine ligand. The interconversion between these two structures is concentration-dependent: at a concentration higher than 12 mg/mL, only a bis-rhombus, composed of eight ligands and 12 Cd2+ ions, is formed; whereas a self-assembled tetrahedron, composed of four ligands and six Cd2+ ions, appears upon sufficient dilution of the tris-terpyridine-metal solution. At concentrations less than 0.5 mg/mL, only the tetrahedron possessing an S4 symmetry axis is detected; upon attempted isolation, it quantitatively reverts to the bis-rhombus."
"Programmed Molecular Engineering Stepwise Dimetallic Metallotriangular Cage - Eur J Org Chem - 2016 - Chakraborty et al.pdf","Programmed Molecular Engineering: Stepwise, Multicomponent Assembly of a Dimetallic Metallotriangulane","Sourav Chakraborty, Rajarshi Sarkar, Kevin Endres, Ting-Zheng Xie, Monoj Ghosh, Charles N. Moorefield, Mary Jane Saunders, Chrys Wesdemiotis, George R. Newkome","European Journal of Organic Chemistry","2016","2016","30","5091-5095","10.1002/ejoc.201600883","terpyridine, metallotriangulane, self-assembly, stepwise assembly, dimetallic, ruthenium, zinc, metallosupramolecular chemistry","The design and construction of a novel terpyridine-based, dimetallic, 2D [4]triangulane architecture are reported. Synthesis of the metallotriangulane is achieved by multicomponent stepwise assembly of six bidentate and three tetradentate monomers. Characterization was accomplished by NMR spectroscopy, mass spectrometry and TEM microscopy."
"Rectangle Square Cage Self-Organization on Au(111) - J Am Chem Soc - Vol127 - 2005 - Yuan et al.pdf","Self-Organization of a Self-Assembled Supramolecular Rectangle, Square, and Three-Dimensional Cage on Au(111) Surfaces","Qun-Hui Yuan, Li-Jun Wan, Hershel Jude, Peter J. Stang","Journal of the American Chemical Society","2005","127","46","16279-16286","10.1021/ja0549300","self-organization, self-assembly, supramolecular rectangle, supramolecular square, three-dimensional cage, Au(111), scanning tunneling microscopy, STM, metallamacrocycle, surface adlayer, nanofabrication","本文利用扫描隧道显微镜(STM)研究了三种自组装超分子物种（矩形、正方形和三维笼状物）在Au(111)表面上的结构和构象。这些超分子组装体吸附在Au(111)表面上，自组织形成具有与其化学结构一致的明确构象的高度有序吸附层。超分子矩形和正方形的面平放在表面上，分别保持其矩形和正方形构象。三维笼状物也在金表面上形成良好有序的吸附层，形成规则的分子行列。当矩形和笼状物混合时，组装体分离成各自的域，未观察到混合吸附层。这些结果为这些组装体的非晶态固态结构提供了直接证据，并提供了它们如何在Au(111)表面上自组织的信息。"
"STM Study of Rectangle Self-Organization on Surfaces - Proc Natl Acad Sci - Vol102 - 2005 - Gong et al.pdf","Mesoscopic Self-Organization of a Self-Assembled Supramolecular Rectangle on Highly Oriented Pyrolytic Graphite and Au(111) Surfaces","Jian-Ru Gong, Li-Jun Wan, Qun-Hui Yuan, Chun-Li Bai, Hershel Jude, Peter J. Stang","Proceedings of the National Academy of Sciences of the United States of America","2005","102","4","971-974","10.1073/pnas.0409145102","metallacyclic macrocycle, scanning tunneling microscopy, molecular adlayer, molecular orientation, self-organization, HOPG, Au(111), supramolecular rectangle, surface nanostructure","本文利用扫描隧道显微镜(STM)研究了自组装超分子金属大环矩形cyclobis[(1,8-bis(trans-Pt(PEt3)2)anthracene)(1,4-bis(4-ethynylpyridyl)benzene](PF6)4在高定向热解石墨(HOPG)和Au(111)表面上的介观自组织行为。矩形分子自发吸附在两种表面上并自组织形成有序的二维吸附层。在HOPG上，矩形的长边竖立在表面上，形成二维分子网络；相比之下，矩形的面平放在Au(111)表面上，形成线性链状结构。高分辨STM图像清晰显示了两种表面上完整的矩形分子，但分子的取向和对称性取决于基底材料。"
"Self-Assembly and Structure of a 3x3 Inorganic Grid from Nine Silver Ions - Angew Chem Int Ed - Vol33 - 1994 - Baxter and Lehn.pdf","Self-Assembly and Structure of a 3 x 3 Inorganic Grid from Nine Silver Ions and Six Ligand Components","Paul N. W. Baxter, Jean-Marie Lehn, Jacqueline Fischer, Marie-Therese Youinou","Angewandte Chemie International Edition","1994","33","22","2284-2287","10.1002/anie.199422841","self-assembly, inorganic grid, silver(I), metallosupramolecular chemistry, bipyridazine, coordination chemistry, 3x3 grid, ion dot","本文描述了无机3x3网格1的自组装，该网格由九个银(I)金属离子和六个三齿配体2组成的阵列构建。配体6,6'-双[2-(6-甲基吡啶基)]-3,3'-联哒嗪2通过多步合成制备。将配体2与三氟甲磺酸银以1:1.5的比例在硝基甲烷中混合，定量得到3x3网格配合物。109Ag NMR谱显示三个共振信号，比例为4:4:1，分别对应位于角位、边中点和中心的银离子，与3x3网格结构一致。X射线晶体学证实了该结构，九个银离子近似共面排列成菱形。该工作开创了金属离子定向多核网格型超分子结构的新领域。"
"Self-Assembly and TWIM-MS Analysis of Hexacadmium Macrocycles - J Am Chem Soc - Vol131 - 2009 - Chan et al.pdf","Self-Assembly and Traveling Wave Ion Mobility Mass Spectrometry Analysis of Hexacadmium Macrocycles","Yi-Tsu Chan, Xiaopeng Li, Monica Soler, Jin-Liang Wang, Chrys Wesdemiotis, George R. Newkome","Journal of the American Chemical Society","2009","131","45","16395-16397","10.1021/ja907262c","terpyridine, self-assembly, hexacadmium macrocycles, TWIM-MS, ion mobility mass spectrometry, cadmium, metallosupramolecular chemistry","Self-assembly of 1,3-di(4'-terpyridinyl)arenes by using the labile tpy-Cd(II)-tpy connectivity afforded access to hexacadmium macrocycles in high yield. These supramolecular assemblies and the corresponding linear polymers were characterized by traveling wave ion mobility mass spectrometry (TWIM-MS), demonstrating the utility of TWIM-MS for differentiation of cyclic and linear isomers, as well as complete deconvolution of isotope patterns of ions with the same m/z value."
"Self-Assembly of Concentric Hexagons and Metal-Organic Nanoribbons - J Am Chem Soc - Vol138 - 2016 - Wang et al (c).pdf","Self-Assembly of Concentric Hexagons and Hierarchical Self-Assembly of Supramolecular Metal-Organic Nanoribbons at the Solid/Liquid Interface","Ming Wang, Kun Wang, Chao Wang, Mingjun Huang, Xin-Qi Hao, Ming-Zhan Shen, Guo-Qing Shi, Zhe Zhang, Bo Song, Alejandro Cisneros, Mao-Ping Song, Bingqian Xu, Xiaopeng Li","Journal of the American Chemical Society","2016","138","29","9258-9268","10.1021/jacs.6b04959","terpyridine, self-assembly, concentric hexagons, metal-organic nanoribbons, hierarchical self-assembly, zinc, STM, TWIM-MS, tetratopic ligand","In an effort to exert more precise control over structural features of supramolecules, a series of giant concentric hexagons were assembled as discrete structures using tetratopic terpyridine (tpy) ligands. In preparation of tetratopic ligand, pyrylium and pyridinium salts chemistry significantly facilitated synthesis. The key compounds were obtained by condensation reactions of pyrylium salts with corresponding primary amine derivatives in good yields. These discrete metallo-supramolecular concentric hexagons were fully characterized by NMR, ESI-MS, TWIM-MS, and TEM, establishing their hexagon-in-hexagon architectures. The combination of different tetratopic ligands also assembled hybrid concentric hexagons with increasing diversity and complexity. Furthermore, these concentric hexagon supramolecules with precisely controlled shapes and sizes were utilized as building blocks to hierarchically self-assemble supramolecular metal-organic nanoribbons (SMON) at solid-liquid interfaces."
"Self-Assembly of Emissive Supramolecular Rosettes (duplicate) - Nat Commun - Vol9 - 2018 - Yin et al.pdf","Self-Assembly of Emissive Supramolecular Rosettes with Increasing Complexity Using Multitopic Terpyridine Ligands","Guang-Qiang Yin, Heng Wang, Xu-Qing Wang, Bo Song, Li-Jun Chen, Lei Wang, Xin-Qi Hao, Hai-Bo Yang, Xiaopeng Li","Nature Communications","2018","9","1","567","10.1038/s41467-018-02959-w","coordination-driven self-assembly, terpyridine, tetraphenylethylene (TPE), aggregation-induced emission (AIE), supramolecular rosettes, white-light emission, metallo-supramolecules","Coordination-driven self-assembly has emerged as a powerful bottom-up approach to construct various supramolecular architectures with increasing complexity and functionality. Tetraphenylethylene (TPE) has been incorporated into metallo-supramolecules to build luminescent materials based on aggregation-induced emission. The authors report three generations of ligands with full conjugation of TPE with 2,2':6',2''-terpyridine (TPY) to construct emissive materials. Due to the bulky size of TPY substituents, the intramolecular rotations of ligands are partially restricted even in dilute solution, thus leading to emission in both solution and aggregation states. Furthermore, TPE-TPY ligands are assembled with Cd(II) to introduce additional restriction of intramolecular rotation and immobilize fluorophores into rosette-like metallo-supramolecules ranging from generation 1-3 (G1-G3). More importantly, the fluorescent behavior of TPE-TPY ligands is preserved in these rosettes, which display tunable emissive properties with respect to different generations, particularly, pure white-light emission for G2."
"Self-Assembly of Interconverting Multinuclear Arrays 4x5-Ag20 Grid - Chem Eur J - Vol6 - 2000 - Baxter and Lehn.pdf","Self-Assembly and Structure of Interconverting Multinuclear Inorganic Arrays: A [4x5]-Ag(I)₂₀ Grid and an Ag(I)₁₀ Quadruple Helicate","Paul N. W. Baxter, Jean-Marie Lehn, Gerhard Baum, Dieter Fenske","Chemistry - A European Journal","2000","6","24","4510-4517","10.1002/1521-3765(20001215)6:24<4510::AID-CHEM4510>3.0.CO;2-P","self-assembly, silver(I), grid complexes, helicates, multinuclear arrays, interconversion, coordination chemistry, supramolecular chemistry, pentatopic ligand","报道了五齿配体 3 与 Ag(I) 的配位导致两种多核结构的同时自组装：包含二十个银离子的 [4x5] 网格型物种 10 和包含十个银离子的四重螺旋体 11。这两种结构可以通过改变条件（浓度、温度等）实现相互转化。通过 X 射线单晶衍射确认了 [4x5]-Ag₂₀ 网格的结构，这是首个非正方形的矩形网格型配合物。"
"Self-Assembly of M30L60 Icosidodecahedron - Chem - Vol1 - 2016 - Fujita et al.pdf","Self-Assembly of M30L60 Icosidodecahedron","Daishi Fujita, Yoshihiro Ueda, Sota Sato, Hiroyuki Yokoyama, Nobuhiro Mizuno, Takashi Kumasaka, Makoto Fujita","Chem","2016","1","1","91-101","10.1016/j.chempr.2016.06.007","M30L60, Icosidodecahedron, Self-assembly, Palladium(II), Molecular capsule, Ligand flexibility, X-ray crystallography, Supramolecular chemistry, Giant metal complex, Virus capsid mimicry","本文报道了首次成功合成M30L60分子正二十面十二面体，该结构由100个组分（30个Pd(II)离子和60个配体）自组装而成，是迄今为止最大的明确定义的球形大分子（直径8.2 nm）。调控配体的柔性是成功自组装的关键。高度复杂但对称有序的结构通过X射线晶体学分析得到确认。该分子复合物的内部空间足够大（157,000 A^3），可以容纳蛋白质。该工作将人工自组装推向了与生物自组装相当的规模。"
"Self-Assembly of Metal-Organic Nanotube with Helical and Propeller Chirality - J Am Chem Soc - Vol137 - 2015 - Yamagishi et al.pdf","Metal-Organic Nanotube with Helical and Propeller-Chiral Motifs Composed of a C10-Symmetric Double-Decker Nanoring","Hiroshi Yamagishi, Takahiro Fukino, Daisuke Hashizume, Tadashi Mori, Yoshihisa Inoue, Takaaki Hikima, Masaki Takata, Takuzo Aida","Journal of the American Chemical Society","2015","137","24","7628-7631","10.1021/jacs.5b04386","metal-organic nanotube, helical chirality, propeller chirality, C10-symmetric nanoring, double-decker, ferrocene, coordination self-assembly, silver(I), circular dichroism, majority rule","本文报道了将非手性二茂铁核心四齿吡啶配体(FcL)与AgBF4在含有手性Bu4N+ (+)-或(-)-薄荷基硫酸根(MS*-)的CH2Cl2/MeCN (7:3 v/v)中共组装，形成""光学活性""金属-有机纳米管(FcNT)，该纳米管由C10对称的双层纳米环组成，包含10个FcL单元和20个Ag+离子。圆二色(CD)光谱和2D X射线衍射(2D XRD)图案表明，FcNT中的金属-有机纳米环以单一手性螺旋堆叠。模型复合物Ag2(FcL')2的晶体结构证实了MS*-与Ag+中心的结合。详细的光谱研究表明，FcNT在其双层芳香阵列中可能同时具有螺旋桨手性扭曲和螺旋手性结构，前者比后者动态性显著更强。两种手性结构基元均对MS*-的对映体过量呈非线性响应（多数规则），但彼此无立体化学影响。"
"Self-Assembly of Polycyclic Supramolecules Using Linear Metal-Organic Ligands - Nat Commun - Vol9 - 2018 - Song et al.pdf","Self-Assembly of Polycyclic Supramolecules Using Linear Metal-Organic Ligands","Bo Song, Sneha Kandapal, Jiali Gu, Keren Zhang, Alex Reese, Yuanfang Ying, Lei Wang, Heng Wang, Yiming Li, Ming Wang, Shuai Lu, Xin-Qi Hao, Xiaohong Li, Bingqian Xu, Xiaopeng Li","Nature Communications","2018","9","1","4575","10.1038/s41467-018-07045-9","coordination-driven self-assembly, terpyridine, linear metal-organic ligands, polycyclic supramolecules, sequence-specific building blocks, fractal architectures, hierarchical assembly","Coordination-driven self-assembly as a bottom-up approach has witnessed a rapid growth in building giant structures in the past few decades. Challenges still remain, however, within the construction of giant architectures in terms of high efficiency and complexity from simple building blocks. Inspired by the features of DNA and protein, which both have specific sequences, the authors design a series of linear building blocks with specific sequences through the coordination between terpyridine ligands and Ru(II). Different generations of polycyclic supramolecules (C1 to C5) with increasing complexity are obtained through the self-assembly with Cd(II), Fe(II) or Zn(II). The assembled structures are characterized via multi-dimensional mass spectrometry analysis as well as multi-dimensional and multinuclear NMR (1H, COSY, NOESY) analysis. Moreover, the largest two cycles C4 and C5 hierarchically assemble into ordered nanoscale structures on a graphite based on their precisely-controlled shapes and sizes with high shape-persistence."
"Self-Assembly of Supramolecular Fractals from Generation 1 to 5 - J Am Chem Soc - Vol140 - 2018 - Wang et al.pdf","Self-Assembly of Supramolecular Fractals from Generation 1 to 5","Lei Wang, Ran Liu, Jiali Gu, Bo Song, Heng Wang, Xin Jiang, Keren Zhang, Xin Han, Xin-Qi Hao, Shi Bai, Ming Wang, Xiaohong Li, Bingqian Xu, Xiaopeng Li","Journal of the American Chemical Society","2018","140","43","14087-14096","10.1021/jacs.8b05530","supramolecular fractals, coordination-driven self-assembly, terpyridine, triphenylamine, Ru(II)-organic building blocks, hierarchical self-assembly, fractal geometry","In the seeking of molecular expression of fractal geometry, chemists have endeavored in the construction of molecules and supramolecules during the past few years, while only a few examples were reported, especially for the discrete architectures. The authors designed and constructed five generations of supramolecular fractals (G1-G5) based on the coordination-driven self-assembly of terpyridine ligands. All the ligands were synthesized from triphenylamine motif, which played a central role in geometry control. Different approaches based on direct Sonogashira coupling and/or <tpy-Ru(II)-tpy> connectivity were employed to prepare complex Ru(II)-organic building blocks. Fractals G1-G5 were obtained in high yields by precise coordination of organic or Ru(II)-organic building blocks with Zn(II) ions. Characterization was accomplished by 1D and 2D NMR spectroscopy, ESI-MS, TWIM-MS, and TEM. Furthermore, the two largest fractals also hierarchically self-assemble into ordered supramolecular nanostructures either at solid/liquid interface or in solution on the basis of their well-defined scaffolds."
"Self-Assembly of Tetra- and Hexanuclear Circular Helicates - J Am Chem Soc - Vol119 - 1997 - Hasenknopf and Lehn.pdf","Self-Assembly of Tetra- and Hexanuclear Circular Helicates","Bernold Hasenknopf, Jean-Marie Lehn, Nedjia Boumediene, Annick Dupont-Gervais, Alain Van Dorsselaer, Boris Kneisel, Dieter Fenske","Journal of the American Chemical Society","1997","119","45","10956-10962","10.1021/ja971204r","circular helicates, self-assembly, iron(II) complexes, bipyridine, anion templating, virtual combinatorial library, dynamic combinatorial chemistry, supramolecular chemistry","三联-联吡啶配体 BI 和 BII 与铁(II) 盐自组装生成具有环形双螺旋结构的多核配合物，称为环形螺旋体 [n]cH（n 阶）。配体 BI 中联吡啶单元通过乙撑桥连接，根据反应中存在的阴离子不同，分别得到五核 [5]cH 或六核 [6]cH 结构。延长的三联-联吡啶配体 BII（含氧丙撑桥）则形成四核环形螺旋体 [4]cH，其结构已通过 X 射线单晶衍射确认。这些三联联吡啶配体和 Fe(II) 离子可能组成的寡聚体组合可视为虚拟组合库的潜在成员，通过动态组合化学，在特定条件下选择性表达出某一特定的环形螺旋体。"
"Self-Assembly of a Circular Double Helicate - Angew Chem Int Ed - Vol35 - 1996 - Hasenknopf and Lehn.pdf","Self-Assembly of a Circular Double Helicate","Bernold Hasenknopf, Jean-Marie Lehn, Boris O. Kneisel, Gerhard Baum, Dieter Fenske","Angewandte Chemie International Edition in English","1996","35","16","1838-1840","10.1002/anie.199618381","helicates, iron compounds, supramolecular chemistry, self-assembly, circular helicate, bipyridine, coordination chemistry","报道了首个环形双螺旋体（circular double helicate）的自组装。三(联吡啶)配体 L 与等摩尔量的 FeCl₂ 在乙二醇中于 170°C 反应，自发且定量地生成环形双螺旋体 cH，即 [(Fe₅L₅)Cl]⁹⁺。该结构由五条配体链缠绕在五个 Fe(II) 离子周围形成双螺旋并闭合成环，中心腔包含一个强结合的氯离子。通过 ¹H NMR 光谱、电喷雾质谱（ESI-MS）和 X 射线单晶衍射确认了该结构。"
"Self-Assembly of a Supramolecular 3D Spoked Bicycle-like Wheel (duplicate) - Angew Chem Int Ed - Vol52 - 2013 - Lu et al.pdf","Self-Assembly of a Supramolecular, Three-Dimensional, Spoked, Bicycle-like Wheel","Xiaocun Lu, Xiaopeng Li, Yan Cao, Anthony Schultz, Jin-Liang Wang, Charles N. Moorefield, Chrys Wesdemiotis, Stephen Z. D. Cheng, George R. Newkome","Angewandte Chemie International Edition","2013","52","30","7728-7731","10.1002/anie.201302362","coordination modes, N ligands, self-assembly, supramolecular chemistry, zinc","The function and properties of materials and biological organisms are not only related to the chemical structure and connectivity, but also through higher-order domain structure. 2,2':6',2''-Terpyridine (tpy) has been a widely used ligand for the creation of supramolecular motifs. Building upon a previously reported 2D tpy-based spoked wheel, the authors redesign the backbone and connectivity components to create a 3D bicycle-like wheel structure. The new construct involves two tris(terpyridine)s (S3) as spokes, six tris(terpyridine) rim units (R3), and twelve zinc(II) metal ions in a precise 2:6:12 ratio. The two central tris-tpy ligands are stacked with a common perpendicular axis to impart the 3D bicycle-wheel motif. Beta-glucose moieties were attached to the rim component R3 to increase solubility. The first supramolecular 3D bicycle-like wheel C1 was successfully synthesized in near quantitative yield through a simple self-assembly procedure utilizing {tpy-Zn(II)-tpy} connectivity."
"Self-Assembly of a Supramolecular 3D Spoked Bicycle-like Wheel (duplicate) - Angew Chem Int Ed - Vol52 - 2013 - Lu et al.pdf","Self-Assembly of a Supramolecular Hexagram and a Supramolecular Pentagram","Zhilong Jiang, Yiming Li, Ming Wang, Bo Song, Kun Wang, Mingyu Sun, Die Liu, Xiaohong Li, Jie Yuan, Mingzhao Chen, Yuan Guo, Xiaoyu Yang, Tong Zhang, Charles N. Moorefield, George R. Newkome, Bingqian Xu, Xiaopeng Li, Pingshan Wang","Nature Communications","2017","8","-","15476","10.1038/ncomms15476","supramolecular hexagram, supramolecular pentagram, terpyridine, metallo-organic ligands (MOLs), ruthenium-terpyridyl complexes, Star of David, coordination-driven self-assembly","Five- and six-pointed star structures occur frequently in nature as flowers, snow-flakes, leaves and so on. Following a stepwise synthesis and self-assembly approach, pentagonal and hexagonal metallosupramolecules possessing star-shaped motifs were prepared based on the careful design of metallo-organic ligands (MOLs). In the MOL design and preparation, robust ruthenium-terpyridyl complexes were employed to construct brominated metallo-organic intermediates, followed by a Suzuki coupling reaction to achieve the required ensemble. Ligand LA (VRu2+X, V = bisterpyridine, X = tetraterpyridine, Ru = Ruthenium) was initially used for the self-assembly of an anticipated hexagram upon reaction with Cd2+ or Fe2+; however, unexpected pentagonal structures were formed, i.e., [Cd5LA5]30+ and [Fe5LA5]30+. In the redesign, LB [V(Ru2+X)2] was synthesized and treated with 60-degree V-shaped bisterpyridine (V) and Cd2+ to create hexagonal hexagram [Cd12V3LB3]36+ along with traces of the triangle [Cd3V3]6+. Finally, a pure supramolecular hexagram [Fe12V3LB3]36+ was successfully isolated in a high yield using Fe2+ with a higher assembly temperature."
"Self-Assembly under Kinetic or Thermodynamic Control Positional Isomers - J Am Chem Soc - Vol142 - 2020 - Wang et al (b).pdf","Self-Assembly of Metallo-Supramolecules under Kinetic or Thermodynamic Control: Characterization of Positional Isomers Using Scanning Tunneling Spectroscopy","Lei Wang, Bo Song, Yiming Li, Lele Gong, Xin Jiang, Ming Wang, Shuai Lu, Xin-Qi Hao, Zhenhai Xia, Yuan Zhang, Saw Wai Hla, Xiaopeng Li","Journal of the American Chemical Society","2020","142","21","9809-9817","10.1021/jacs.0c03459","配位驱动自组装 (Coordination-driven self-assembly), 动力学控制与热力学控制 (Kinetic vs. thermodynamic control), 位置异构体 (Positional isomers), 扫描隧道显微镜/光谱 (STM/STS), 三联吡啶 (Terpyridine), 金属有机超分子 (Metallo-supramolecules), 自识别 (Self-recognition), 密度泛函理论 (DFT)","Coordination-driven self-assembly has been extensively employed to construct a variety of discrete structures as a bottom-up strategy. However, mechanistic understanding regarding whether self-assembly is under kinetic or thermodynamic control is less explored. Herein, the authors use a stepwise strategy which combined self-recognition and self-assembly processes to construct giant metallo-supramolecules with 8 positional isomers in solution. With the help of ultrahigh-vacuum, low-temperature scanning tunneling microscopy and scanning tunneling spectroscopy, they were able to unambiguously differentiate 14 isomers on the substrate which correspond to 8 isomers in solution. Through measurement of 162 structures, the experimental probability of each isomer was obtained and compared with the theoretical probability. Such a comparison along with density functional theory (DFT) calculation suggested that although both kinetic and thermodynamic control existed in this self-assembly, the increased experimental probabilities of isomers compared to theoretical probabilities should be attributed to thermodynamic control."
"Self-assembly of a Hexadecanuclear 4x(2x2)-Pb16 Grid of Grids - Chem Commun - 2003 - Onions and Matthews.pdf","Self-Assembly of a Unique Hexadecanuclear [4 x (2 x 2)]-Pb₁₆ 'Grid of Grids' Type Structure","Stuart T. Onions, Anthony M. Frankin, Peter N. Horton, Michael B. Hursthouse, Craig J. Matthews","Chemical Communications","2003","-","23","2864-2865","10.1039/b308512k","self-assembly, grid structures, lead(II) complexes, hexadecanuclear, supramolecular chemistry, coordination-driven assembly, metallosupramolecular, nanoscale architecture","报道了一种新配体的设计与合成，该配体包含四个线性排列的三齿螯合亚单元，以烷氧基和嘧啶桥连基团构建。该配体与 Pb(CF₃SO₃)₂ 发生自发自组装，产生独特的十六核 [4 x (2 x 2)] ""网格中的网格""（grid of grids）型结构，外部尺寸达 26 A。这是首个经结构表征的完全金属化的 [4 x 4] 方格型组装体。"
"Self-assembly of a Molecular Square via Molecular Triangle - Chem Commun - 1996 - Fujita et al.pdf","On the Structure of Transition-Metal-Linked Molecular Squares","Makoto Fujita, Osamu Sasaki, Takashi Mitsuhashi, Toshiyasu Fujita, Jun Yazaki, Kentaro Yamaguchi, Katsuyuki Ogura","Chemical Communications","1996","-","13","1535-1536","10.1039/CC9960001535","molecular square, molecular triangle, self-assembly, palladium(II), 4,4'-bipyridine, equilibrium, X-ray crystallography, coordination-driven, supramolecular chemistry, dynamic equilibrium","本文确认了由[Pd(en)(NO3)2]与4,4'-联吡啶自组装形成的分子方框1的结构（通过X射线晶体学），并揭示了当4,4'-联吡啶或乙二胺配体被替换为更大的配体py-X-py（X = CH=CH, C≡C, p-C6H4）时，分子方框与分子三角形之间存在动态平衡。浓度效应实验支持了方框/三角形的赋值：高浓度时平衡向方框移动，低浓度时向三角形移动。这一平衡源于热力学因素的权衡：无应变的方框在焓方面更稳定，而三角形因组分更少在熵方面更有利。即使4,4'-联吡啶也可在2,2'-联吡啶替代乙二胺保护基时产生方框/三角形混合物。"
"Separation and Characterization of Metallosupramolecular Libraries by IMMS - J Am Chem Soc - Vol133 - 2011 - Chan et al.pdf","Separation and Characterization of Metallosupramolecular Libraries by Ion Mobility Mass Spectrometry","Xiaopeng Li, Yi-Tsu Chan, Madalis Casiano-Maldonado, Jing Yu, Gustavo A. Carri, George R. Newkome, Chrys Wesdemiotis","Analytical Chemistry","2011","83","17","6667-6674","10.1021/ac201161u","离子淌度质谱 (Ion mobility mass spectrometry, IM-MS), 金属超分子组合库 (Metallosupramolecular libraries), 三联吡啶 (Terpyridine/bis-terpyridine), 锌(II)配合物 (Zn(II) complexes), 电喷雾电离 (Electrospray ionization, ESI), 大环结构 (Macrocycles), 串联质谱 (Tandem mass spectrometry, MS2), 碰撞截面 (Collision cross-sections)","The self-assembly of Zn(II) ions and bis(terpyridine) (tpy) ligands carrying 120 or 180 degree angles between their metal binding sites was utilized to prepare metallosupramolecular libraries with the <tpy-Zn(II)-tpy> connectivity. These combinatorial libraries were separated and characterized by ion mobility mass spectrometry (IM-MS) and tandem mass spectrometry (MS2). The 180-angle building blocks generate exclusively linear complexes, which were used as standards to determine the architectures of the assemblies resulting from the 120-angle ligands. The latter ligand geometry promotes the formation of macrocyclic hexamers, but other n-mers with smaller (n = 5) or larger ring sizes (n = 7-9) were identified as minor products, indicating that the angles in the bis(terpyridine) ligand and within the coordinative tpy-Zn(II)-tpy bonds are not as rigid as previously believed. Macrocyclic and linear isomers were detected in penta- and heptameric assemblies; in the larger octa- and nonameric assemblies, ring-opened conformers with compact and folded geometries were observed in addition to linear extended and cyclic architectures."
"Smart Supramolecular Hydrogels Cross-Linked by Pt(II) Metallacycles via RAFT - J Am Chem Soc - Vol138 - 2016 - Zheng et al.pdf","Construction of Smart Supramolecular Polymeric Hydrogels Cross-linked by Discrete Organoplatinum(II) Metallacycles via Post-Assembly Polymerization","Wei Zheng, Li-Jun Chen, Guang Yang, Bin Sun, Xu Wang, Bo Jiang, Guang-Qiang Yin, Li Zhang, Xiaopeng Li, Minghua Liu, Guosong Chen, Hai-Bo Yang","Journal of the American Chemical Society","2016","138","14","4927-4937","10.1021/jacs.6b01089","Supramolecular hydrogels, Platinum(II) metallacycles, Coordination-driven self-assembly, RAFT polymerization, Post-assembly polymerization, PNIPAAM, LCST, Star supramolecular polymers, Self-healing, Stimuli-responsive","本文首次将配位驱动自组装与后组装可逆加成-断裂链转移（RAFT）聚合反应相结合，制备了一系列以明确定义的金属环为核心的星形超分子聚合物。这些聚合物由于PNIPAAM链段的存在，在水中表现出典型的低临界溶解温度（LCST）行为。所得星形聚合物在室温下无需加热-冷却过程即可进一步形成以离散六边形金属环为交联点的超分子水凝胶。该水凝胶对温度和溴离子表现出刺激响应行为，并具有自修复特性。Pt-N键的动态特性在决定最终软物质的刺激响应和自修复性能中起着重要作用。"
"Stepwise Self-Assembly and Dynamic Exchange of Supramolecular Snowflakes - Isr J Chem - Vol58 - 2018 - Zhang et al.pdf","Stepwise Self-Assembly and Dynamic Exchange of Supramolecular Snowflakes","Zhe Zhang, Heng Wang, Junjuan Shi, Pingshan Wang, Changlin Liu, Ming Wang, Xiaopeng Li","Israel Journal of Chemistry","2019","59","3-4","237-247","10.1002/ijch.201800070","超分子 (Supramolecule), 三联吡啶 (Terpyridine), 自组装 (Self-assembly), 动态配体交换 (Dynamic ligand exchange), 雪花结构 (Snowflake structures), 逐步自组装 (Stepwise self-assembly), 自分选 (Self-sorting)","Snowflake, a highly symmetrical hexagram figure, is challenging to be expressed by chemistry/supramolecular chemistry due to the complex structure. Herein, the authors have constructed super snowflake supramolecules using terpyridine (tpy)-based metal-organic building blocks with <tpy-Ru(II)-tpy> and <tpy-Zn(II)-tpy> connectivities through stepwise strategies in high yield. The structures were characterized by multi-dimensional mass spectrometry and multi-dimensional NMR spectrometry. In order to address the stability/tolerance of the designed super snowflake structures, ligand exchange behaviors between different supramolecules with various arm length were fully investigated by mass spectrometry. The study revealed that three modes could exist in such binary systems, including full exchange, partial exchange and self-sorting (no exchange) depending on the length difference of ligands."
"Stepwise Self-Assembly of Discrete Molecular Honeycomb Using Metallo-Organic Ligand - Chem Commun - Vol53 - 2017 - Wu et al.pdf","Stepwise Self-Assembly of a Discrete Molecular Honeycomb Using a Multitopic Metallo-Organic Ligand","Tun Wu, Jie Yuan, Bo Song, Yu-Sheng Chen, Mingzhao Chen, Xiaobo Xue, Qianqian Liu, Jun Wang, Yi-Tsu Chan, Pingshan Wang","Chemical Communications","2017","53","48","6732-6735","10.1039/C7CC03715E","蜂巢结构 (Honeycomb), 分形 (Fractal), 金属有机配体 (Metallo-organic ligand), 逐步自组装 (Stepwise self-assembly), 三联吡啶 (Terpyridine), 配位驱动自组装 (Coordination-driven self-assembly), 离散超分子 (Discrete supramolecule), 六边形大环 (Hexagonal macrocycle)","Self-assembly of a metallo-organic ligand, composed of an inner uncomplexed 120-degree-bis(terpyridine) and an outer extended free 120-degree-bis(terpyridine) linked by a triple <tpy-Ru2+-tpy> connector, and complexed with Zn2+, gave rise to a discrete planar supramolecular honeycomb patterned fractal. The central metallo-hexagon was surrounded by six identical metallo-hexagons which perfectly mimicked the natural simple honeycomb structure."
"Stereoselective Synthesis of a Composite Knot with Nine Crossings - Nat Chem - Vol10 - 2018 - Zhang and Leigh.pdf","Stereoselective Synthesis of a Composite Knot with Nine Crossings","Liang Zhang, Alexander J. Stephens, Alina L. Nussbaumer, Jean-Francois Lemonnier, Pia Jurcek, Inigo J. Vitorica-Yrezabal, David A. Leigh","Nature Chemistry","2018","10","11","1083-1088","10.1038/s41557-018-0124-6","molecular knots, composite knots, stereoselective synthesis, circular helicates, ring-closing metathesis, topological chirality, writhe, supramolecular chemistry, self-assembly","报道了含有三个同手性三叶结缠绕（trefoil tangles）的九交叉分子复合结（+₃₁#+₃₁#+₃₁ composite knot）和 9₃⁷ 链（一种环状 [3]索烃，拓扑上约束为始终至少包含三个扭转）的同步合成。两种化合物都具有高度的拓扑扭转（topological writhe, w = 9），这是超螺旋 DNA 的结构特征。纠缠产物由六聚体 Fe(II) 环形螺旋体通过关环烯烃复分解反应环化生成，不同配体连接模式产生不同的拓扑异构体混合物。金属配位的复合结通过结晶分离，拓扑结构由串联质谱明确证实，X 射线晶体学确认该 324 原子环自身交叉九次，每个分子中每个金属中心具有匹配的手性（全 Delta 或全 Lambda）。"
"Stoichiometric Self-Assembly of Bowtie and Butterfly Structures - J Am Chem Soc - Vol134 - 2012 - Chan et al.pdf","Stoichiometric Self-Assembly of Isomeric, Shape-Persistent, Supramacromolecular Bowtie and Butterfly Structures","Anthony Schultz, Xiaopeng Li, Balaka Barkakaty, Charles N. Moorefield, Chrys Wesdemiotis, George R. Newkome","Journal of the American Chemical Society","2012","134","18","7672-7675","10.1021/ja303177v","化学计量自组装 (Stoichiometric self-assembly), 领结结构 (Bowtie), 蝴蝶结构 (Butterfly), 构造异构体 (Constitutional isomers), 三联吡啶 (Terpyridine), 形状持久性 (Shape-persistent), 超大分子 (Supramacromolecular), 双环结构 (Bicyclic architecture)","Two novel macromolecular constitutional isomers have been self-assembled from previously unreported terpyridine ligands in a three-component system. The terpyridine ligands were synthesized in high yields via a key Suzuki coupling. Restrictions of the possible outcomes for self-assembly ultimately provided optimum conditions for isolation of either a molecular bowtie or its isomeric butterfly motif. These isomers have been characterized by ESI-MS, TWIM-MS, 1H NMR, and 13C NMR. Notably, these structural isomers have remarkably different drift times in ion mobility separation, corresponding to different sizes and shapes at high charge states."
"Stoichiometric Self-Assembly of Bowtie and Butterfly Structures - J Am Chem Soc - Vol134 - 2012 - Chan et al.pdf","Stoichiometric Self-Assembly of Shape-Persistent 2D Complexes: A Facile Route to a Symmetric Supramacromolecular Spoked Wheel","Jin-Liang Wang, Xiaopeng Li, Xiaocun Lu, I-Fan Hsieh, Yan Cao, Charles N. Moorefield, Chrys Wesdemiotis, Stephen Z. D. Cheng, George R. Newkome","Journal of the American Chemical Society","2011","133","29","11450-11453","10.1021/ja203645m","三联吡啶, 辐条轮, 超分子大环, 多组分自组装, 配位驱动自组装, 形状持久性, 二维D6h对称, Cd(II)配合物, Zn(II)配合物, TWIM-MS","报道了一种多组分配位驱动自组装方法，构建了首个基于三联吡啶的形状持久性巨型二维D6h超分子辐条轮。将核心T6、轮辋T3和Zn(II)或Cd(II)离子以化学计量比1:6:12混合，通过几何和热力学控制选择性生成高度对称的辐条轮，Cd(II)组装体的分离产率高达94%。产物通过行波离子迁移率质谱(TWIM-MS)、NMR技术和TEM成像进行了表征，结果与计算模拟一致。"
"Strong and Selective Anion Binding within Molecular Knots and Links - J Am Chem Soc - Vol137 - 2015 - Ayme and Leigh.pdf","Strong and Selective Anion Binding within the Central Cavity of Molecular Knots and Links","Jean-Francois Ayme, Jonathon E. Beves, Christopher J. Campbell, Guzman Gil-Ramirez, David A. Leigh, Alexander J. Stephens","Journal of the American Chemical Society","2015","137","31","9812-9815","10.1021/jacs.5b06340","anion binding, molecular knots, molecular links, pentafoil knot, Solomon link, Star of David catenane, circular helicates, halide recognition, hydrogen bonding, supramolecular chemistry","基于环形 Fe(II) 双螺旋体骨架的分子五叶结（pentafoil knot）、双重缠绕 [2]索烃（Solomon link）和三重缠绕 [2]索烃（Star of David catenane）通过静电作用和 CH...X⁻ 氢键在其中心腔内结合卤素阴离子。结合强度在乙腈中高达 (3.6 +/- 0.2) x 10¹⁰ M⁻¹（五叶结 [2·Cl](PF₆)₉），使这些拓扑复杂的主体分子成为迄今测量的最强合成非共价卤素阴离子结合剂之一，其氯离子亲和力可与银盐相比拟。"
"Supercharged Precise Megametallodendrimers Single-Step Assembly - J Am Chem Soc - Vol139 - 2017 - Xie et al.pdf","Supercharged, Precise, Megametallodendrimers via a Single-Step, Quantitative, Assembly Process","Ting-Zheng Xie, Xiaolei Wu, Kevin J. Endres, Zaihong Guo, Xiaocun Lu, Jingyi Li, Erendra Manandhar, James M. Ludlow III, Charles N. Moorefield, Mary Jane Saunders, Chrys Wesdemiotis, George R. Newkome","Journal of the American Chemical Society","2017","139","44","15652-15655","10.1021/jacs.7b10328","金属树枝状分子, 超级电荷, 单步组装, 立方八面体, 三联吡啶, Ru(II)配合物, Zn(II)配合物, 配位驱动自组装, 3D超分子笼, ESI-IM-MS","巨型单分子树枝状分子的合成具有挑战性，部分原因在于在更高代数时，收敛和发散方案中的多步构建/纯化过程都会遇到困难。本文报道了一种混合合成程序，其中核心最后构建。这种定量组装生成了一种超级电荷(120+)、大尺寸(直径11.3 nm)的金属树枝状分子，其核心先前已被建立。该系列配合物已通过NMR、ESI-IM-MS和TEM技术进行了明确表征。"
"Supersnowflakes Stepwise Self-Assembly Rhombus Star-Shaped - J Am Chem Soc - Vol139 - 2017 - Zhang et al.pdf","Supersnowflakes: Stepwise Self-Assembly and Dynamic Exchange of Rhombus Star-Shaped Supramolecules","Zhe Zhang, Heng Wang, Xu Wang, Yiming Li, Bo Song, Olapeju Bolarinwa, R. Alexander Reese, Tong Zhang, Xu-Qing Wang, Jianfeng Cai, Bingqian Xu, Ming Wang, Changlin Liu, Hai-Bo Yang, Xiaopeng Li","Journal of the American Chemical Society","2017","139","24","8174-8185","10.1021/jacs.7b01326","超级雪花, 菱形星形结构, 逐步自组装, 动态交换, 三联吡啶, Ru(II)-有机配体, Zn(II)配合物, 异配体超分子, 多组分自组装, 二维刚性结构","以增加金属超分子复杂性为目标，设计并以逐步方式使用多个2,2':6',2''-三联吡啶(tpy)配体组装了两个菱形星形超分子架构——超级雪花。在多组分自组装设计中，双齿和三齿配体通过具有强配位的Ru(II)桥连形成金属-有机配体，用于随后与六齿配体和Zn(II)的自组装。具有高稳定性的Ru(II)-有机配体与弱配位Zn(II)离子的组合在巨型异配体超级雪花的自组装中发挥了关键作用，每个结构包含三种类型的tpy基有机配体和两种金属离子。此外，两种超级雪花的分子内和分子间动态交换研究通过NMR和质谱揭示了这些巨型超分子配合物的显著稳定性。"
"Supramolecular Kandinsky Circles (duplicate) - Nat Commun - Vol9 - 2018 - Wang et al.pdf","Supramolecular Kandinsky Circles with High Antibacterial Activity","Heng Wang, Xiaomin Qian, Kun Wang, Ma Su, Wei-Wei Haoyang, Xin Jiang, Robert Brzozowski, Ming Wang, Xiang Gao, Yiming Li, Bingqian Xu, Prahathees Eswara, Xin-Qi Hao, Weitao Gong, Jun-Li Hou, Jianfeng Cai, Xiaopeng Li","Nature Communications","2018","9","1","1815","10.1038/s41467-018-04247-z","Kandinsky圆, 嵌套六角形, 超分子抗菌, MRSA, 三联吡啶, Cd(II)配合物, 吡喃鎓盐, 分层自组装, 管状纳米结构, 离子通道","嵌套同心结构广泛存在于自然界和设计系统中，具有共享同一中心或轴线的圆形、多边形、多面体和球体。在超分子水平上构建离散的嵌套架构仍然具有挑战性。本文设计并组装了三代(G2-G4)巨型嵌套超分子——Kandinsky圆，分子量分别为17964、27713和38352 Da。在配体制备中，应用了前体与伯胺和吡喃鎓盐之间的连续缩合反应来模块化合成。这些离散的嵌套超分子倾向于通过分层自组装形成管状纳米结构。此外，嵌套超分子对革兰氏阳性病原体耐甲氧西林金黄色葡萄球菌(MRSA)显示出高抗菌活性，对真核细胞的毒性可忽略不计，而相应的配体不显示强抗菌活性。"
"TPE-Based Supramolecular Metallacycles and Cages with Anion-Dependent AIE - J Am Chem Soc - Vol138 - 2016 - Yan et al.pdf","Light-Emitting Superstructures with Anion Effect: Coordination-Driven Self-Assembly of Pure Tetraphenylethylene Metallacycles and Metallacages","Xuzhou Yan, Ming Wang, Timothy R. Cook, Mingming Zhang, Manik Lal Saha, Zhixuan Zhou, Xiaopeng Li, Feihe Huang, Peter J. Stang","Journal of the American Chemical Society","2016","138","14","4580-4588","10.1021/jacs.6b00846","Tetraphenylethylene, Aggregation-induced emission, Metallacycles, Metallacages, Coordination-driven self-assembly, Platinum(II), Anion effect, Counteranion, AIE, Fluorescence","本文报道了基于四苯乙烯（TPE）的二铂(II)受体的合成及其X射线晶体学分析，并利用配位驱动自组装方法构建了纯TPE基的2D六边形金属环和3D鼓状金属笼，分别含有三种不同的抗衡阴离子。金属环中TPE供体和受体单元交替排列，12个悬挂苯基沿外围排列，为聚集诱导发光（AIE）行为提供了基础。金属笼同样由TPE基构筑单元构建。抗衡阴离子对组装体光物理性质的影响被系统研究，摩尔吸光系数、荧光发射强度和量子产率在CH2Cl2中遵循PF6- > OTf- > NO3-的顺序，该趋势同样适用于聚集态下的AIE特性。"
"Template-Directed Synthesis of Molecular Nanorings and Cages - Acc Chem Res - Vol51 - 2018 - Bols and Anderson.pdf","Template-Directed Synthesis of Molecular Nanorings and Cages","Pernille S. Bols, Harry L. Anderson","Accounts of Chemical Research","2018","51","9","2083-2092","10.1021/acs.accounts.8b00313","Template-directed synthesis, Molecular nanorings, Molecular cages, Porphyrin, Oligopyridine templates, Vernier templating, Caterpillar track complexes, Russian doll complexes, Macrocyclization, pi-Conjugated metalloporphyrin oligomers","本综述讨论了模板作为分子构建工具的应用。模板组织反应物并提供信息以促进特定产物的形成，但本身不是最终产物的一部分。作者开发了多种利用寡吡啶作为模板合成炔基连接的pi共轭金属卟啉寡聚物的策略。这些化合物包括一些有史以来最大的大环分子，如直径为21 nm、含有750个C-C键环的50-卟啉环。经典模板导向大环化反应适用于5-7个卟啉单元的纳米环，而更大的环（8个或更多卟啉单元）最容易通过""非经典""策略制备，其中多个小模板协同工作引导大环的形成。Vernier方法、履带轨道复合物和俄罗斯套娃复合物等策略被详细讨论。"
"Terpyridine-Based Metallomacrocyclic Architectures - Chem Commun - 2005 - Hwang et al.pdf","Construction of Triangular Metallomacrocycles: [M3(1,2-bis(2,2':6',2''-terpyridin-4-yl-ethynyl)benzene)3] [M = Ru(II), Fe(II), 2Ru(II)Fe(II)]","Seok-Ho Hwang, Charles N. Moorefield, Frank R. Fronczek, Olena Lukoyanova, Luis Echegoyen, George R. Newkome","Chemical Communications","2005","-","6","713-715","10.1039/B409348H","三联吡啶, 金属三角形, 金属大环, Fe(II)配合物, Ru(II)配合物, 异核配合物, 1,2-二乙炔基苯, 60度角配体, 配位驱动自组装, 电化学性质","通过预设计的具有60度角的1,2-双(2,2':6',2''-三联吡啶-4-基-乙炔基)苯配体与过渡金属[Fe(II)和Ru(II)]的配合，实现了三角形金属大环的自组装构建。该工作展示了利用tpy-M(II)-tpy连接方式构建形状持久、紧密堆积的三角形架构的可行性，并通过逐步方法实现了不同金属中心的特异性引入。"
"Truncated Sierpinski Triangular Assembly from Molecular Mortise-Tenon Joint - J Am Chem Soc - Vol140 - 2018 - Chen et al.pdf","Truncated Sierpinski Triangular Assembly from a Molecular Mortise-Tenon Joint","Mingzhao Chen, Jun Wang, Shi-Cheng Wang, Zhilong Jiang, Die Liu, Qianqian Liu, He Zhao, Jun Yan, Yi-Tsu Chan, Pingshan Wang","Journal of the American Chemical Society","2018","140","38","12168-12174","10.1021/jacs.8b07248","多组分自组装, 三联吡啶, 金属有机配体(MOL), Sierpinski三角形, 榫卯连接(mortise-tenon joint), 配位驱动自组装, 星形超分子, 截断分形结构","将不同组分融合成一个巨大而复杂的结构，通过分子设计实现定量且自发的组装是不可或缺但具有挑战性的。为构建新型金属超分子结构，本文提出了一种基于多组分自组装的建筑设计原理。使用精心设计的六齿三联吡啶基金属有机配体(MOL) [Ru2T2K]，报道了超分子梯形Zn5[Ru2T2K]V2、空心六边形Zn15[Ru2T2K]3K3和巨型星形超分子Zn18[Ru2T2K]3[Ru2X2V]3的形成，它们均通过[Ru2T2K]与二齿60度双三联吡啶V、四齿三联吡啶K和MOL [Ru2X2V]的一锅法近定量组装获得。互补配体基于尺寸和形状匹配原则选择，类似于榫卯连接对齐并锁定两个互补木构件。多价连接使稳定组装体的形成成为可能，并通过NMR、ESI-MS、TWIM-MS和TEM分析进行了明确表征。"
"d4qo01373e.pdf","Selective Halide Ion Binding Templation Effect for a Quadruple-Stranded-Helicate Enabling the Activation of C–Br Bonds","Lei Fu, Yang Liu, Zhiyuan Jiang, Zhe Zhang, Qixia Bai, Yu-Qing Li, Zhi Chen, Xiaopeng Li, Pingshan Wang, Tun Wu","Organic Chemistry Frontiers","2024","11","21","6110–6116","10.1039/d4qo01373e","halide ion binding, templation effect, quadruple-stranded helicate, C–Br bond activation, terpyridine, coordination-driven self-assembly, Friedel–Crafts alkylation, anion binding catalysis","Here, we report the investigation of the mechanism of an anion-induced templation effect, in which nucleophilic anions serving as a ligand competitor destroy the partial coordination bonds of a library of metallo-macrocycles and form quadruple-stranded helicates with a vacant cavity. Due to its shape and size complementarity, the quadruple-stranded helicate can encapsulate spherical halide ions with moderate binding strength and specific selectivity. Through the halophilic templation effect, it is capable of binding and stabilizing bromide within the central cavity of the quadruple-stranded helicate, which has been exploited to promote C–Br bond cleavage. The dibenzhydryl carbocation (Ph₂CH⁺) generated by the templation effect is an ideal electrophile that can react with various nucleophiles. Therefore, the library can efficiently catalyze a series of organic reactions including hydrolysis, alcoholysis, Ritter reaction and Friedel–Crafts benzylation of arenes and heteroarenes."
"self-assembly-of-metallo-supramolecules-with-dissymmetrical-ligands-and-characterization-by-scanning-tunneling.pdf","Self-Assembly of Metallo-Supramolecules with Dissymmetrical Ligands and Characterization by Scanning Tunneling Microscopy","Junjuan Shi, Yiming Li, Xin Jiang, Hao Yu, Jiaqi Li, Houyu Zhang, Daniel J. Trainer, Saw Wai Hla, Heng Wang, Ming Wang, Xiaopeng Li","Journal of the American Chemical Society","2021","143","3","1224–1234","10.1021/jacs.0c12508","dissymmetrical ligands, coordination-driven self-assembly, scanning tunneling microscopy, terpyridine, isomeric structures, metallo-supramolecules, double-layered metallocycles","Asymmetrical and dissymmetrical structures are widespread and play a critical role in nature and life systems. In the field of metallo-supramolecular assemblies, it is still in its infancy for constructing artificial architectures using dissymmetrical building blocks. Herein, we report the self-assembly of supramolecular systems based on two dissymmetrical double-layered ligands. With the aid of ultra-high-vacuum, low-temperature scanning tunneling microscopy (UHV-LT-STM), we were able to investigate four isomeric structures corresponding to four types of binding modes of ligand LA with two major conformations complexes A. The distribution of isomers measured by STM and total binding energy of each isomer obtained by density functional theory (DFT) calculations suggested that the most abundant isomer could be the most stable one with highest total binding energy. Finally, through shortening the linker between inner and outer layers and the length of arms, the arrangement of dissymmetrical ligand LB could be controlled within one binding mode corresponding to the single conformation for complexes B."
"wang-et-al-2021-multidimensional-mass-spectrometry-assisted-metallo-supramolecular-chemistry.pdf","Multidimensional Mass Spectrometry Assisted Metallo-Supramolecular Chemistry","Heng Wang, Chenxing Guo, Xiaopeng Li","CCS Chemistry","2022","4","3","785–808","10.31635/ccschem.021.202101408","mass spectrometry, ion mobility, self-assembly, metallo-supramolecules, ESI-MS, TWIM-MS, tandem MS","Metallo-supramolecular chemistry based on the reversible, directional, and predictable noncovalent interaction of metal–ligand coordination has been widely applied in constructing a myriad of two- and three-dimensional supramolecules with sophisticated structures. The development of metallo-supramolecular chemistry highly relies on facile characterization methods. For advancement of structural complexity with desired functions, however, conventional crystallographic and spectroscopic characterizations are limited by crystal growth, sample purity, and severe signal overlaps. With high sensitivity and low requirement for purity, multidimensional mass spectrometry (MS), including electrospray ionization-MS (ESI-MS), tandem MS (MS²), and ion mobility-MS (IM-MS), is emerging as an essential analytical tool for characterization of the chemical compositions, connectivity, stability, shape, and size of metallo-supramolecules, as well as kinetic and thermodynamic features of self-assembly processes."
